_id,nid_start,nid_end,length,floor
1,3047,3050,1,3
2,3050,3047,1,3
3,3050,3051,1,3
4,3051,3050,1,3
5,3051,3484,3,3
6,3484,3051,3,3
7,3047,3042,4,3
8,3042,3047,4,3
9,3042,3041,8,3
10,3041,3042,8,3
11,3040,3041,2,3
12,3041,3040,2,3
13,3039,3040,4,3
14,3040,3039,4,3
15,3038,3039,2,3
16,3039,3038,2,3
17,3485,3038,3,3
18,3038,3485,3,3
19,3485,3037,1,3
20,3037,3485,1,3
21,3033,3485,1,3
22,3485,3033,1,3
23,3033,3034,5,3
24,3034,3033,5,3
25,3034,3036,3,3
26,3036,3034,3,3
27,3035,3036,0,3
28,3036,3035,0,3
29,3485,3032,3,3
30,3032,3485,3,3
31,3031,3032,2,3
32,3032,3031,2,3
33,3030,3031,6,3
34,3031,3030,6,3
35,3030,3025,3,3
36,3025,3030,3,3
37,3025,3026,1,3
38,3026,3025,1,3
39,3026,3029,0,3
40,3029,3026,0,3
41,3027,3029,5,3
42,3029,3027,5,3
43,3027,3028,2,3
44,3028,3027,2,3
45,3024,3025,6,3
46,3025,3024,6,3
47,3024,3023,0,3
48,3023,3024,0,3
49,3022,3024,2,3
50,3024,3022,2,3
51,3486,3022,4,3
52,3022,3486,4,3
53,3486,3021,5,3
54,3021,3486,5,3
55,3020,3021,2,3
56,3021,3020,2,3
57,3019,3020,1,3
58,3020,3019,1,3
59,3018,3486,2,3
60,3486,3018,2,3
61,3017,3018,2,3
62,3018,3017,2,3
63,3014,3017,6,3
64,3017,3014,6,3
65,3014,3015,2,3
66,3015,3014,2,3
67,3015,3016,2,3
68,3016,3015,2,3
69,3013,3015,3,3
70,3015,3013,3,3
71,3013,3487,4,3
72,3487,3013,4,3
73,3010,3487,12,3
74,3487,3010,12,3
75,3009,3488,1,3
76,3488,3009,1,3
77,3011,3488,8,3
78,3488,3011,8,3
79,3009,3489,7,3
80,3489,3009,7,3
81,3489,3500,9,3
82,3500,3489,9,3
83,3008,3500,2,3
84,3500,3008,2,3
85,3007,3008,15,3
86,3008,3007,15,3
87,3006,3007,19,3
88,3007,3006,19,3
89,3005,3006,8,3
90,3006,3005,8,3
91,3005,3501,13,3
92,3501,3005,13,3
93,3003,3501,6,3
94,3501,3003,6,3
95,3002,3502,4,3
96,3502,3002,4,3
97,3000,3002,7,3
98,3002,3000,7,3
99,3012,3488,5,3
100,3488,3012,5,3
101,3371,3487,29,3
102,3487,3371,29,3
103,3503,3371,31,3
104,3371,3503,31,3
105,3372,3503,9,3
106,3503,3372,9,3
107,3372,3373,4,3
108,3373,3372,4,3
109,3082,3503,13,3
110,3503,3082,13,3
111,3082,3083,2,3
112,3083,3082,2,3
113,3083,3084,6,3
114,3084,3083,6,3
115,3084,3085,2,3
116,3085,3084,2,3
117,3085,3086,1,3
118,3086,3085,1,3
119,3086,3087,6,3
120,3087,3086,6,3
121,3087,3088,2,3
122,3088,3087,2,3
123,3088,3089,2,3
124,3089,3088,2,3
125,3089,3090,4,3
126,3090,3089,4,3
127,3090,3091,2,3
128,3091,3090,2,3
129,3091,3092,4,3
130,3092,3091,4,3
131,3092,3093,2,3
132,3093,3092,2,3
133,3093,3094,2,3
134,3094,3093,2,3
135,3094,3095,4,3
136,3095,3094,4,3
137,3095,3096,2,3
138,3096,3095,2,3
139,3096,3495,5,3
140,3495,3096,5,3
141,3080,3083,9,3
142,3083,3080,9,3
143,3080,3081,4,3
144,3081,3080,4,3
145,3081,3102,13,3
146,3102,3081,13,3
147,3102,3103,11,3
148,3103,3102,11,3
149,3103,3104,2,3
150,3104,3103,2,3
151,3104,3105,4,3
152,3105,3104,4,3
153,3105,3106,3,3
154,3106,3105,3,3
155,3106,3107,0,3
156,3107,3106,0,3
157,3107,3108,6,3
158,3108,3107,6,3
159,3108,3110,2,3
160,3110,3108,2,3
161,3109,3110,2,3
162,3110,3109,2,3
163,3109,3111,4,3
164,3111,3109,4,3
165,3111,3112,2,3
166,3112,3111,2,3
167,3112,3113,4,3
168,3113,3112,4,3
169,3113,3114,2,3
170,3114,3113,2,3
171,3114,3115,2,3
172,3115,3114,2,3
173,3115,3116,4,3
174,3116,3115,4,3
175,3116,3117,2,3
176,3117,3116,2,3
177,3120,3117,5,3
178,3117,3120,5,3
179,3120,3121,6,3
180,3121,3120,6,3
181,3121,3122,2,3
182,3122,3121,2,3
183,3504,3122,4,3
184,3122,3504,4,3
185,3123,3504,2,3
186,3504,3123,2,3
187,3123,3124,6,3
188,3124,3123,6,3
189,3124,3125,2,3
190,3125,3124,2,3
191,3125,3127,5,3
192,3127,3125,5,3
193,3127,3131,1,3
194,3131,3127,1,3
195,3127,3128,2,3
196,3128,3127,2,3
197,3128,3129,3,3
198,3129,3128,3,3
199,3129,3130,1,3
200,3130,3129,1,3
201,3125,3126,7,3
202,3126,3125,7,3
203,3126,3136,2,3
204,3136,3126,2,3
205,3132,3136,2,3
206,3136,3132,2,3
207,3132,3135,2,3
208,3135,3132,2,3
209,3135,3137,2,3
210,3137,3135,2,3
211,3137,3138,2,3
212,3138,3137,2,3
213,3138,3139,1,3
214,3139,3138,1,3
215,3133,3139,8,3
216,3139,3133,8,3
217,3133,3134,1,3
218,3134,3133,1,3
219,3134,3141,2,3
220,3141,3134,2,3
221,3140,3141,1,3
222,3141,3140,1,3
223,3140,3505,5,3
224,3505,3140,5,3
225,3142,3505,8,3
226,3505,3142,8,3
227,3142,3143,4,3
228,3143,3142,4,3
229,3143,3148,2,3
230,3148,3143,2,3
231,3144,3148,5,3
232,3148,3144,5,3
233,3144,3147,1,3
234,3147,3144,1,3
235,3144,3145,2,3
236,3145,3144,2,3
237,3145,3146,1,3
238,3146,3145,1,3
239,3148,3149,4,3
240,3149,3148,4,3
241,3506,3149,10,3
242,3149,3506,10,3
243,3506,3150,3,3
244,3150,3506,3,3
245,3150,3151,2,3
246,3151,3150,2,3
247,3151,3152,7,3
248,3152,3151,7,3
249,3152,3153,2,3
250,3153,3152,2,3
251,3153,3154,6,3
252,3154,3153,6,3
253,3154,3155,1,3
254,3155,3154,1,3
255,3155,3156,1,3
256,3156,3155,1,3
257,3156,3157,5,3
258,3157,3156,5,3
259,3506,3166,5,3
260,3166,3506,5,3
261,3166,3158,0,3
262,3158,3166,0,3
263,3158,3167,2,3
264,3167,3158,2,3
265,3167,3168,5,3
266,3168,3167,5,3
267,3168,3169,3,3
268,3169,3168,3,3
269,3169,3170,3,3
270,3170,3169,3,3
271,3170,3171,2,3
272,3171,3170,2,3
273,3169,3172,6,3
274,3172,3169,6,3
275,3172,3173,2,3
276,3173,3172,2,3
277,3507,3173,4,3
278,3173,3507,4,3
279,3507,3174,3,3
280,3174,3507,3,3
281,3174,3178,7,3
282,3178,3174,7,3
283,3507,3175,2,3
284,3175,3507,2,3
285,3175,3176,3,3
286,3176,3175,3,3
287,3176,3497,3,3
288,3497,3176,3,3
289,3497,3177,3,3
290,3177,3497,3,3
291,3179,3497,2,3
292,3497,3179,2,3
293,3179,3180,3,3
294,3180,3179,3,3
295,3180,3498,4,3
296,3498,3180,4,3
297,3498,3182,2,3
298,3182,3498,2,3
299,3182,3183,5,3
300,3183,3182,5,3
301,3183,3181,2,3
302,3181,3183,2,3
303,3184,3498,2,3
304,3498,3184,2,3
305,3184,3185,2,3
306,3185,3184,2,3
307,3499,3185,2,3
308,3185,3499,2,3
309,3484,3052,4,3
310,3052,3484,4,3
311,3052,3053,7,3
312,3053,3052,7,3
313,3053,3490,4,3
314,3490,3053,4,3
315,3490,3059,2,3
316,3059,3490,2,3
317,3059,3060,2,3
318,3060,3059,2,3
319,3060,3061,6,3
320,3061,3060,6,3
321,3061,3491,3,3
322,3491,3061,3,3
323,3491,3066,1,3
324,3066,3491,1,3
325,3066,3067,7,3
326,3067,3066,7,3
327,3067,3492,2,3
328,3492,3067,2,3
329,3484,3054,5,3
330,3054,3484,5,3
331,3054,3055,2,3
332,3055,3054,2,3
333,3055,3048,7,3
334,3048,3055,7,3
335,3048,3049,1,3
336,3049,3048,1,3
337,3490,3058,2,3
338,3058,3490,2,3
339,3058,3057,5,3
340,3057,3058,5,3
341,3057,3056,1,3
342,3056,3057,1,3
343,3491,3065,2,3
344,3065,3491,2,3
345,3065,3064,3,3
346,3064,3065,3,3
347,3492,3069,7,3
348,3069,3492,7,3
349,3066,3067,7,3
350,3067,3066,7,3
351,3067,3068,1,3
352,3068,3067,1,3
353,3068,3072,7,3
354,3072,3068,7,3
355,3072,3073,1,3
356,3073,3072,1,3
357,3069,3071,1,3
358,3071,3069,1,3
359,3071,3070,3,3
360,3070,3071,3,3
361,3073,3493,6,3
362,3493,3073,6,3
363,3493,3079,17,3
364,3079,3493,17,3
365,3079,3078,4,3
366,3078,3079,4,3
367,3078,3077,3,3
368,3077,3078,3,3
369,3069,3070,1,3
370,3070,3069,1,3
371,3493,3494,3,3
372,3494,3493,3,3
373,3494,3495,9,3
374,3495,3494,9,3
375,3495,3097,9,3
376,3097,3495,9,3
377,3097,3496,9,3
378,3496,3097,9,3
379,3496,3098,9,3
380,3098,3496,9,3
381,3098,3099,6,3
382,3099,3098,6,3
383,3099,3101,2,3
384,3101,3099,2,3
385,3496,3118,11,3
386,3118,3496,11,3
387,3118,3119,3,3
388,3119,3118,3,3
389,3186,3499,3,3
390,3499,3186,3,3
391,3186,3187,8,3
392,3187,3186,8,3
393,3187,3188,2,3
394,3188,3187,2,3
395,3188,3189,14,3
396,3189,3188,14,3
397,3189,3190,8,3
398,3190,3189,8,3
399,3190,3191,3,3
400,3191,3190,3,3
401,3191,3192,4,3
402,3192,3191,4,3
403,3508,3192,2,3
404,3192,3508,2,3
405,3508,3193,3,3
406,3193,3508,3,3
407,3193,3194,4,3
408,3194,3193,4,3
409,3194,3195,2,3
410,3195,3194,2,3
411,3195,3196,4,3
412,3196,3195,4,3
413,3196,3509,3,3
414,3509,3196,3,3
415,3509,3197,3,3
416,3197,3509,3,3
417,3197,3198,2,3
418,3198,3197,2,3
419,3198,3510,2,3
420,3510,3198,2,3
421,3510,3200,2,3
422,3200,3510,2,3
423,3200,3199,3,3
424,3199,3200,3,3
425,3510,3201,4,3
426,3201,3510,4,3
427,3201,3202,2,3
428,3202,3201,2,3
429,3202,3511,2,3
430,3511,3202,2,3
431,3511,3205,2,3
432,3205,3511,2,3
433,3205,3203,4,3
434,3203,3205,4,3
435,3203,3204,1,3
436,3204,3203,1,3
437,3511,3206,4,3
438,3206,3511,4,3
439,3206,3207,2,3
440,3207,3206,2,3
441,3207,3512,4,3
442,3512,3207,4,3
443,3512,3208,2,3
444,3208,3512,2,3
445,3208,3209,5,3
446,3209,3208,5,3
447,3209,3210,2,3
448,3210,3209,2,3
449,3212,3512,2,3
450,3512,3212,2,3
451,3211,3212,2,3
452,3212,3211,2,3
453,3212,3213,3,3
454,3213,3212,3,3
455,3513,3213,5,3
456,3213,3513,5,3
457,3513,3214,13,3
458,3214,3513,13,3
459,3214,3161,6,3
460,3161,3214,6,3
461,3161,3159,6,3
462,3159,3161,6,3
463,3161,3162,7,3
464,3162,3161,7,3
465,3162,3163,4,3
466,3163,3162,4,3
467,3163,3164,1,3
468,3164,3163,1,3
469,3164,3165,2,3
470,3165,3164,2,3
471,3513,3514,2,3
472,3514,3513,2,3
473,3514,3515,5,3
474,3515,3514,5,3
475,3515,3222,4,3
476,3222,3515,4,3
477,3222,3221,2,3
478,3221,3222,2,3
479,3216,3221,0,3
480,3221,3216,0,3
481,3221,3220,6,3
482,3220,3221,6,3
483,3220,3219,2,3
484,3219,3220,2,3
485,3515,3223,10,3
486,3224,3515,10,3
487,3223,3228,2,3
488,3228,3223,2,3
489,3516,3228,1,3
490,3228,3516,1,3
491,3516,3224,5,3
492,3224,3516,5,3
493,3224,3225,1,3
494,3225,3224,1,3
495,3225,3226,1,3
496,3226,3225,1,3
497,3226,3227,1,3
498,3227,3226,1,3
499,3516,3229,3,3
500,3229,3516,3,3
501,3229,3230,4,3
502,3230,3229,4,3
503,3517,3230,10,3
504,3230,3517,10,3
505,3517,3231,5,3
506,3231,3517,5,3
507,3231,3232,1,3
508,3232,3231,1,3
509,3232,3233,3,3
510,3233,3232,3,3
511,3232,3239,0,3
512,3239,3232,0,3
513,3231,3238,0,3
514,3238,3231,0,3
515,3517,3234,4,3
516,3234,3517,4,3
517,3234,3235,2,3
518,3235,3234,2,3
519,3234,3237,1,3
520,3237,3234,1,3
521,3235,3236,1,3
522,3236,3235,1,3
523,3517,3240,11,3
524,3240,3517,11,3
525,3240,3241,4,3
526,3241,3240,4,3
527,3518,3241,1,3
528,3241,3518,1,3
529,3518,3243,4,3
530,3243,3518,4,3
531,3243,3244,2,3
532,3244,3243,2,3
533,3244,3245,1,3
534,3245,3244,1,3
535,3243,3246,1,3
536,3246,3243,1,3
537,3242,3518,3,3
538,3518,3242,3,3
539,3242,3247,2,3
540,3247,3242,2,3
541,3519,3247,10,3
542,3247,3519,10,3
543,3519,3260,1,3
544,3260,3519,1,3
545,3248,3260,3,3
546,3260,3248,3,3
547,3248,3249,2,3
548,3249,3248,2,3
549,3249,3250,6,3
550,3250,3249,6,3
551,3250,3251,2,3
552,3251,3250,2,3
553,3251,3252,6,3
554,3252,3251,6,3
555,3252,3253,1,3
556,3253,3252,1,3
557,3253,3254,2,3
558,3254,3253,2,3
559,3254,3257,3,3
560,3257,3254,3,3
561,3256,3257,5,3
562,3257,3256,5,3
563,3255,3256,2,3
564,3256,3255,2,3
565,3519,3270,4,3
566,3270,3519,4,3
567,3270,3271,3,3
568,3271,3270,3,3
569,3271,3273,6,3
570,3273,3271,6,3
571,3273,3274,4,3
572,3274,3273,4,3
573,3274,3275,2,3
574,3275,3274,2,3
575,3273,3275,2,3
576,3275,3273,2,3
577,3275,3277,6,3
578,3277,3275,6,3
579,3277,3278,2,3
580,3278,3277,2,3
581,3278,3276,2,3
582,3276,3278,2,3
583,3278,3280,4,3
584,3280,3278,4,3
585,3280,3281,6,3
586,3281,3280,6,3
587,3281,3282,3,3
588,3282,3281,3,3
589,3279,3282,2,3
590,3282,3279,2,3
591,3282,3284,6,3
592,3284,3282,6,3
593,3284,3285,3,3
594,3285,3284,3,3
595,3285,3283,4,3
596,3283,3285,4,3
597,3283,3286,2,3
598,3286,3283,2,3
599,3286,3287,6,3
600,3287,3286,6,3
601,3287,3533,12,3
602,3533,3287,12,3
603,3533,3288,12,3
604,3288,3533,12,3
605,3271,3259,10,3
606,3259,3271,10,3
607,3259,3520,7,3
608,3520,3259,7,3
609,3520,3266,7,3
610,3266,3520,7,3
611,3266,3267,3,3
612,3267,3266,3,3
613,3267,3268,2,3
614,3268,3267,2,3
615,3268,3269,1,3
616,3269,3268,1,3
617,3520,3265,3,3
618,3265,3520,3,3
619,3304,3265,15,3
620,3265,3304,15,3
621,3304,3305,14,3
622,3305,3304,14,3
623,3305,3308,1,3
624,3308,3305,1,3
625,3308,3313,3,3
626,3313,3308,3,3
627,3313,3314,4,3
628,3314,3313,4,3
629,3314,3521,4,3
630,3521,3314,4,3
631,3521,3315,7,3
632,3315,3521,7,3
633,3315,3319,9,3
634,3319,3315,9,3
635,3317,3319,2,3
636,3319,3317,2,3
637,3317,3318,2,3
638,3318,3317,2,3
639,3318,3320,0,3
640,3320,3318,0,3
641,3320,3321,2,3
642,3321,3320,2,3
643,3321,3322,4,3
644,3322,3321,4,3
645,3322,3323,2,3
646,3323,3322,2,3
647,3323,3325,6,3
648,3325,3323,6,3
649,3324,3325,3,3
650,3325,3324,3,3
651,3325,3328,3,3
652,3328,3325,3,3
653,3522,3325,2,3
654,3325,3522,2,3
655,3522,3326,8,3
656,3326,3522,8,3
657,3522,3329,3,3
658,3329,3522,3,3
659,3329,3331,6,3
660,3331,3329,6,3
661,3331,3334,2,3
662,3334,3331,2,3
663,3332,3334,0,3
664,3334,3332,0,3
665,3332,3333,3,3
666,3333,3332,3,3
667,3334,3335,10,3
668,3335,3334,10,3
669,3523,3335,9,3
670,3335,3523,9,3
671,3523,3524,8,3
672,3524,3523,8,3
673,3524,3348,7,3
674,3348,3524,7,3
675,3348,3349,4,3
676,3349,3348,4,3
677,3349,3347,2,3
678,3347,3349,2,3
679,3349,3350,6,3
680,3350,3349,6,3
681,3525,3524,8,3
682,3524,3525,8,3
683,3525,3338,10,3
684,3338,3525,10,3
685,3525,3526,32,3
686,3526,3525,32,3
687,3351,3526,8,3
688,3526,3351,8,3
689,3351,3352,4,3
690,3352,3351,4,3
691,3352,3353,6,3
692,3353,3352,6,3
693,3353,3527,11,3
694,3527,3353,11,3
695,3354,3527,7,3
696,3527,3354,7,3
697,3354,3528,4,3
698,3528,3354,4,3
699,3528,3355,9,3
700,3355,3528,9,3
701,3355,3529,5,3
702,3529,3355,5,3
703,3529,3530,29,3
704,3530,3529,29,3
705,3530,3356,9,3
706,3356,3530,9,3
707,3530,3531,8,3
708,3531,3530,8,3
709,3531,3358,5,3
710,3358,3531,5,3
711,3358,3357,3,3
712,3357,3358,3,3
713,3531,3359,5,3
714,3359,3531,5,3
715,3359,3362,27,3
716,3362,3359,27,3
717,3362,3361,29,3
718,3361,3362,29,3
719,3532,3362,11,3
720,3362,3532,11,3
721,3532,3363,2,3
722,3363,3532,2,3
723,3363,3364,41,3
724,3364,3363,41,3
725,3364,3365,4,3
726,3365,3364,4,3
727,3364,3366,10,3
728,3366,3364,10,3
729,3338,3343,5,3
730,3343,3338,5,3
731,3343,3344,4,3
732,3344,3343,4,3
733,3344,3345,5,3
734,3345,3344,5,3
735,3344,3346,2,3
736,3346,3344,2,3
737,3533,3534,11,3
738,3534,3533,11,3
739,3534,3429,7,3
740,3429,3534,7,3
741,3535,3429,10,3
742,3429,3535,10,3
743,3535,3430,6,3
744,3430,3535,6,3
745,3534,3428,8,3
746,3428,3534,8,3
747,3427,3428,11,3
748,3428,3427,11,3
749,3426,3427,13,3
750,3427,3426,13,3
751,3424,3426,12,3
752,3426,3424,12,3
753,3420,3424,13,3
754,3424,3420,13,3
755,3418,3420,11,3
756,3420,3418,11,3
757,3536,3418,9,3
758,3418,3536,9,3
759,3536,3537,29,3
760,3537,3536,29,3
761,3537,3431,12,3
762,3431,3537,12,3
763,3431,3434,8,3
764,3434,3431,8,3
765,3434,3435,8,3
766,3435,3434,8,3
767,3435,3439,14,3
768,3439,3435,14,3
769,3439,3441,27,3
770,3441,3439,27,3
771,3441,3442,20,3
772,3442,3441,20,3
773,3413,3536,15,3
774,3536,3413,15,3
775,3412,3413,8,3
776,3413,3412,8,3
777,3410,3412,8,3
778,3412,3410,8,3
779,3408,3410,8,3
780,3410,3408,8,3
781,3407,3408,11,3
782,3408,3407,11,3
783,3538,3407,6,3
784,3407,3538,6,3
785,3538,3406,2,3
786,3406,3538,2,3
787,3538,3405,9,3
788,3405,3538,9,3
789,3405,3403,17,3
790,3403,3405,17,3
791,3406,3398,14,3
792,3398,3406,14,3
793,3397,3398,2,3
794,3398,3397,2,3
795,3396,3397,7,3
796,3397,3396,7,3
797,3539,3414,6,3
798,3414,3539,6,3
799,3414,3415,19,3
800,3415,3414,19,3
801,3415,3416,16,3
802,3416,3415,16,3
803,3416,3417,8,3
804,3417,3416,8,3
805,3539,3400,11,3
806,3400,3539,11,3
807,3400,3394,11,3
808,3394,3400,11,3
809,3539,3540,7,3
810,3540,3539,7,3
811,3540,3402,2,3
812,3402,3540,2,3
813,3402,3401,1,3
814,3401,3402,1,3
815,3482,3414,16,3
816,3414,3482,16,3
817,3415,3483,2,3
818,3483,3415,2,3
819,3540,3541,17,3
820,3541,3540,17,3
821,3541,3481,6,3
822,3481,3541,6,3
823,3478,3481,22,3
824,3481,3478,22,3
825,3475,3478,1,3
826,3478,3475,1,3
827,3475,3476,12,3
828,3476,3475,12,3
829,3541,3542,22,3
830,3542,3541,22,3
831,3542,3455,6,3
832,3455,3542,6,3
833,3454,3455,2,3
834,3455,3454,2,3
835,3473,3542,8,3
836,3542,3473,8,3
837,3473,3453,1,3
838,3453,3473,1,3
839,3543,3453,3,3
840,3453,3543,3,3
841,3461,3543,25,3
842,3543,3461,25,3
843,3461,3472,6,3
844,3472,3461,6,3
845,3465,3472,4,3
846,3472,3465,4,3
847,3465,3470,9,3
848,3470,3465,9,3
849,3451,3452,14,3
850,3452,3451,14,3
851,3446,3452,6,3
852,3452,3446,6,3
853,3443,3446,1,3
854,3446,3443,1,3
855,3544,3470,12,3
856,3470,3544,12,3
857,3544,3467,3,3
858,3467,3544,3,3
859,3545,3467,9,3
860,3467,3545,9,3
861,3545,3469,5,3
862,3469,3545,5,3
863,3468,3469,1,3
864,3469,3468,1,3
865,3544,3464,22,3
866,3464,3544,22,3
867,3464,3466,14,3
868,3466,3464,14,3
869,3463,3466,2,3
870,3466,3463,2,3
871,3462,3463,1,3
872,3463,3462,1,3
873,3458,3466,23,3
874,3466,3458,23,3
875,3457,3458,2,3
876,3458,3457,2,3
877,3456,3457,2,3
878,3457,3456,2,3
879,3437,3438,2,3
880,3438,3437,2,3
881,3383,3384,4,3
882,3384,3383,4,3
883,3384,3385,3,3
884,3385,3384,3,3
885,4419,4452,3,4
886,4452,4419,3,4
887,4381,4419,4,4
888,4419,4381,4,4
889,4381,4456,3,4
890,4456,4381,3,4
891,4456,4004,3,4
892,4004,4456,3,4
893,4420,4011,4,4
894,4011,4420,4,4
895,4420,4457,2,4
896,4457,4420,2,4
897,4457,4380,2,4
898,4380,4457,2,4
899,4457,4441,7,4
900,4441,4457,7,4
901,4012,4458,7,4
902,4457,4458,7,4
903,4458,4457,7,4
904,4458,4012,2,4
905,4012,4458,2,4
906,4458,4013,2,4
907,4013,4458,2,4
908,4458,4014,3,4
909,4014,4458,3,4
910,4014,4459,4,4
911,4459,4014,4,4
912,4459,4015,18,4
913,4015,4459,18,4
914,4015,4016,21,4
915,4016,4015,21,4
916,4016,4460,6,4
917,4460,4016,6,4
918,4460,4017,7,4
919,4017,4460,7,4
920,4017,4379,5,4
921,4379,4017,5,4
922,4461,4379,3,4
923,4379,4461,3,4
924,4461,4421,4,4
925,4421,4461,4,4
926,4461,4447,6,4
927,4447,4461,6,4
928,4421,4462,6,4
929,4462,4421,6,4
930,4462,4018,3,4
931,4018,4462,3,4
932,4462,4019,3,4
933,4019,4462,3,4
934,4462,4463,9,4
935,4463,4462,9,4
936,4463,4464,13,4
937,4464,4463,13,4
938,4020,4464,2,4
939,4464,4020,2,4
940,4464,4021,2,4
941,4021,4464,2,4
942,4464,4465,22,4
943,4465,4464,22,4
944,4465,4024,9,4
945,4024,4465,9,4
946,4025,4024,2,4
947,4024,4025,2,4
948,4378,4025,3,4
949,4025,4378,3,4
950,4378,4442,3,4
951,4442,4378,3,4
952,4378,4422,4,4
953,4422,4378,4,4
954,4379,4466,14,4
955,4466,4379,14,4
956,4466,4467,59,4
957,4467,4466,59,4
958,4153,4467,7,4
959,4467,4153,7,4
960,4467,4154,5,4
961,4154,4467,5,4
962,4454,4154,12,4
963,4154,4454,12,4
964,4454,4455,15,4
965,4455,4454,15,4
966,4455,4161,16,4
967,4161,4455,16,4
968,4468,4161,11,4
969,4161,4468,11,4
970,4468,4162,4,4
971,4162,4468,4,4
972,4162,4163,2,4
973,4163,4162,2,4
974,4163,4164,4,4
975,4164,4163,4,4
976,4164,4165,3,4
977,4165,4164,3,4
978,4164,4166,3,4
979,4166,4164,3,4
980,4469,4446,14,4
981,4446,4469,14,4
982,4469,4402,14,4
983,4402,4469,14,4
984,4169,4469,9,4
985,4469,4169,9,4
986,4469,4172,3,4
987,4172,4469,3,4
988,4172,4173,2,4
989,4173,4172,2,4
990,4174,4173,7,4
991,4173,4174,7,4
992,4175,4174,2,4
993,4174,4175,2,4
994,4174,4170,1,4
995,4170,4174,1,4
996,4170,4176,5,4
997,4176,4170,5,4
998,4176,4177,2,4
999,4177,4176,2,4
1000,4177,4178,2,4
1001,4178,4177,2,4
1002,4178,4180,6,4
1003,4180,4178,6,4
1004,4178,4181,6,4
1005,4181,4178,6,4
1006,4181,4182,2,4
1007,4182,4181,2,4
1008,4182,4183,6,4
1009,4183,4182,6,4
1010,4183,4186,5,4
1011,4186,4183,5,4
1012,4186,4187,2,4
1013,4187,4186,2,4
1014,4187,4470,4,4
1015,4470,4187,4,4
1016,4470,4188,9,4
1017,4188,4470,9,4
1018,4188,4382,6,4
1019,4382,4188,6,4
1020,4383,4188,6,4
1021,4188,4383,6,4
1022,4384,4188,6,4
1023,4188,4384,6,4
1024,4403,4382,3,4
1025,4382,4403,3,4
1026,4403,4383,3,4
1027,4383,4403,3,4
1028,4403,4384,3,4
1029,4384,4403,3,4
1030,4471,4470,4,4
1031,4470,4471,4,4
1032,4470,4189,8,4
1033,4189,4470,8,4
1034,4470,4190,2,4
1035,4190,4470,2,4
1036,4470,4191,1,4
1037,4191,4470,1,4
1038,4192,4472,7,4
1039,4472,4192,7,4
1040,4471,4472,6,4
1041,4472,4471,6,4
1042,4195,4193,10,4
1043,4193,4195,10,4
1044,4209,4195,6,4
1045,4195,4209,6,4
1046,4195,4385,10,4
1047,4385,4195,10,4
1048,4386,4195,10,4
1049,4195,4386,10,4
1050,4195,4404,10,4
1051,4404,4195,10,4
1052,4386,4438,2,4
1053,4438,4386,2,4
1054,4472,4196,13,4
1055,4196,4472,13,4
1056,4196,4197,2,4
1057,4197,4196,2,4
1058,4198,4197,14,4
1059,4197,4198,14,4
1060,4198,4204,12,4
1061,4204,4198,12,4
1062,4473,4204,3,4
1063,4204,4473,3,4
1064,4473,4205,15,4
1065,4205,4473,15,4
1066,4405,4205,14,4
1067,4205,4405,14,4
1068,4405,4207,3,4
1069,4207,4405,3,4
1070,4376,4207,15,4
1071,4207,4376,15,4
1072,4376,4474,29,4
1073,4474,4376,29,4
1074,4209,4474,3,4
1075,4474,4209,3,4
1076,4474,4475,10,4
1077,4475,4474,10,4
1078,4475,4210,4,4
1079,4210,4475,4,4
1080,4475,4211,7,4
1081,4211,4475,7,4
1082,4475,4212,7,4
1083,4212,4475,7,4
1084,4475,4213,4,4
1085,4213,4475,4,4
1086,4476,4475,2,4
1087,4475,4476,2,4
1088,4476,4214,0,4
1089,4214,4476,0,4
1090,4214,4215,6,4
1091,4214,4215,6,4
1092,4215,4216,2,4
1093,4216,4215,2,4
1094,4215,4217,2,4
1095,4217,4215,2,4
1096,4215,4477,10,4
1097,4477,4215,10,4
1098,4477,4218,4,4
1099,4218,4477,4,4
1100,4477,4219,6,4
1101,4219,4477,6,4
1102,4477,4220,6,4
1103,4220,4477,6,4
1104,4477,4221,4,4
1105,4221,4477,4,4
1106,4478,4477,2,4
1107,4477,4478,2,4
1108,4478,4222,4,4
1109,4222,4478,4,4
1110,4478,4223,7,4
1111,4223,4478,7,4
1112,4478,4224,7,4
1113,4224,4478,7,4
1114,4478,4225,4,4
1115,4225,4478,4,4
1116,4478,4226,6,4
1117,4226,4478,6,4
1118,4479,4226,11,4
1119,4226,4479,11,4
1120,4479,4229,3,4
1121,4229,4479,3,4
1122,4479,4230,6,4
1123,4230,4479,6,4
1124,4479,4231,6,4
1125,4231,4479,6,4
1126,4479,4232,3,4
1127,4232,4479,3,4
1128,4479,4227,4,4
1129,4227,4479,4,4
1130,4479,4228,7,4
1131,4228,4479,7,4
1132,4479,4233,3,4
1133,4233,4479,3,4
1134,4479,4234,6,4
1135,4234,4479,6,4
1136,4479,4406,6,4
1137,4406,4479,6,4
1138,4479,4235,10,4
1139,4235,4479,10,4
1140,4235,4236,25,4
1141,4236,4235,25,4
1142,4236,4480,2,4
1143,4480,4236,2,4
1144,4480,4241,2,4
1145,4241,4480,2,4
1146,4241,4242,2,4
1147,4242,4241,2,4
1148,4480,4237,4,4
1149,4237,4480,4,4
1150,4480,4238,7,4
1151,4238,4480,7,4
1152,4480,4239,7,4
1153,4239,4480,7,4
1154,4480,4240,4,4
1155,4240,4480,4,4
1156,4242,4481,10,4
1157,4481,4242,10,4
1158,4481,4243,3,4
1159,4243,4481,3,4
1160,4243,4244,3,4
1161,4244,4243,3,4
1162,4244,4245,6,4
1163,4245,4244,6,4
1164,4245,4246,2,4
1165,4246,4245,2,4
1166,4246,4247,6,4
1167,4247,4246,6,4
1168,4247,4252,0,4
1169,4252,4247,0,4
1170,4247,4250,7,4
1171,4250,4247,7,4
1172,4250,4251,2,4
1173,4251,4250,2,4
1174,4481,4257,4,4
1175,4257,4481,4,4
1176,4257,4258,3,4
1177,4258,4257,3,4
1178,4258,4259,5,4
1179,4259,4258,5,4
1180,4259,4261,7,4
1181,4261,4259,7,4
1182,4261,4262,2,4
1183,4262,4261,2,4
1184,4262,4263,2,4
1185,4263,4262,2,4
1186,4263,4264,6,4
1187,4264,4263,6,4
1188,4264,4265,1,4
1189,4265,4264,1,4
1190,4265,4266,1,4
1191,4266,4265,1,4
1192,4266,4267,6,4
1193,4267,4266,6,4
1194,4267,4268,2,4
1195,4268,4267,2,4
1196,4268,4269,1,4
1197,4269,4268,1,4
1198,4269,4270,9,4
1199,4270,4269,9,4
1200,4270,4482,2,4
1201,4482,4270,2,4
1202,4482,4271,4,4
1203,4271,4482,4,4
1204,4271,4272,3,4
1205,4272,4271,3,4
1206,4272,4408,14,4
1207,4408,4272,14,4
1208,4408,4273,7,4
1209,4273,4408,7,4
1210,4258,4484,13,4
1211,4484,4258,13,4
1212,4484,4253,3,4
1213,4253,4484,3,4
1214,4484,4254,3,4
1215,4254,4484,3,4
1216,4484,4256,0,4
1217,4256,4484,0,4
1218,4256,4485,12,4
1219,4485,4256,12,4
1220,4485,4278,3,4
1221,4278,4485,3,4
1222,4485,4280,3,4
1223,4280,4485,3,4
1224,4485,4483,2,4
1225,4483,4485,2,4
1226,4256,4394,2,4
1227,4394,4256,2,4
1228,4256,4393,2,4
1229,4393,4256,2,4
1230,4256,4409,2,4
1231,4409,4256,2,4
1232,4393,4486,3,4
1233,4486,4393,3,4
1234,4394,4486,3,4
1235,4486,4394,3,4
1236,4273,4274,8,4
1237,4274,4273,8,4
1238,4274,4275,2,4
1239,4275,4274,2,4
1240,4275,4276,20,4
1241,4276,4275,20,4
1242,4276,4277,2,4
1243,4277,4276,2,4
1244,4277,4483,11,4
1245,4483,4277,11,4
1246,4483,4292,11,4
1247,4292,4483,11,4
1248,4292,4291,3,4
1249,4291,4292,3,4
1250,4291,4290,8,4
1251,4290,4291,8,4
1252,4290,4289,3,4
1253,4289,4290,3,4
1254,4289,4288,5,4
1255,4288,4289,5,4
1256,4288,4287,3,4
1257,4287,4288,3,4
1258,4287,4286,5,4
1259,4286,4287,5,4
1260,4286,4285,1,4
1261,4285,4286,1,4
1262,4285,4284,3,4
1263,4284,4285,3,4
1264,4284,4283,4,4
1265,4283,4284,4,4
1266,4286,4281,1,4
1267,4281,4286,1,4
1268,4286,4282,6,4
1269,4282,4286,6,4
1270,4291,4487,4,4
1271,4487,4291,4,4
1272,4290,4487,4,4
1273,4487,4290,4,4
1274,4487,4293,10,4
1275,4293,4487,10,4
1276,4293,4488,4,4
1277,4488,4293,4,4
1278,4488,4294,4,4
1279,4294,4488,4,4
1280,4294,4295,3,4
1281,4295,4294,3,4
1282,4488,4297,4,4
1283,4297,4488,4,4
1284,4297,4296,3,4
1285,4296,4297,3,4
1286,4488,4298,0,4
1287,4298,4488,0,4
1288,4298,4299,3,4
1289,4299,4298,3,4
1290,4299,4300,4,4
1291,4300,4299,4,4
1292,4300,4489,10,4
1293,4489,4300,10,4
1294,4489,4303,4,4
1295,4303,4489,4,4
1296,4303,4304,2,4
1297,4304,4303,2,4
1298,4489,4306,4,4
1299,4306,4489,4,4
1300,4305,4306,2,4
1301,4306,4305,2,4
1302,4489,4301,7,4
1303,4301,4489,7,4
1304,4301,4302,0,4
1305,4302,4301,0,4
1306,4489,4307,4,4
1307,4307,4489,4,4
1308,4307,4306,8,4
1309,4306,4307,8,4
1310,4489,4410,4,4
1311,4410,4489,4,4
1312,4489,4309,11,4
1313,4309,4489,11,4
1314,4309,4310,4,4
1315,4310,4309,4,4
1316,4310,4311,1,4
1317,4311,4310,1,4
1318,4490,4311,1,4
1319,4311,4490,1,4
1320,4311,4316,5,4
1321,4316,4311,5,4
1322,4316,4491,10,4
1323,4491,4316,10,4
1324,4490,4312,4,4
1325,4312,4490,4,4
1326,4312,4313,7,4
1327,4313,4312,7,4
1328,4490,4315,4,4
1329,4315,4490,4,4
1330,4315,4314,7,4
1331,4314,4315,7,4
1332,4491,4317,4,4
1333,4317,4491,4,4
1334,4317,4318,2,4
1335,4318,4317,2,4
1336,4318,4327,2,4
1337,4327,4318,2,4
1338,4327,4319,4,4
1339,4319,4327,4,4
1340,4319,4320,2,4
1341,4320,4319,2,4
1342,4320,4321,7,4
1343,4321,4320,7,4
1344,4321,4322,1,4
1345,4322,4321,1,4
1346,4322,4323,2,4
1347,4323,4322,2,4
1348,4323,4324,4,4
1349,4324,4323,4,4
1350,4321,4325,7,4
1351,4325,4321,7,4
1352,4321,4326,2,4
1353,4326,4321,2,4
1354,4491,4329,4,4
1355,4329,4491,4,4
1356,4329,4330,2,4
1357,4330,4329,2,4
1358,4330,4492,3,4
1359,4492,4330,3,4
1360,4492,4338,18,4
1361,4338,4492,18,4
1362,4338,4493,11,4
1363,4493,4338,11,4
1364,4493,4377,15,4
1365,4377,4493,15,4
1366,4377,4339,29,4
1367,4339,4377,29,4
1368,4339,4342,1,4
1369,4342,4339,1,4
1370,4342,4412,14,4
1371,4412,4342,14,4
1372,4412,4343,3,4
1373,4343,4412,3,4
1374,4343,4344,5,4
1375,4344,4343,5,4
1376,4344,4345,9,4
1377,4345,4344,9,4
1378,4494,4345,2,4
1379,4345,4494,2,4
1380,4494,4346,6,4
1381,4346,4494,6,4
1382,4346,4350,3,4
1383,4350,4346,3,4
1384,4494,4347,17,4
1385,4347,4494,17,4
1386,4494,4348,17,4
1387,4348,4494,17,4
1388,4348,4495,10,4
1389,4495,4348,10,4
1390,4495,4496,7,4
1391,4496,4495,7,4
1392,4496,4336,0,4
1393,4336,4496,0,4
1394,4336,4335,9,4
1395,4335,4336,9,4
1396,4335,4337,0,4
1397,4337,4335,0,4
1398,4496,4395,8,4
1399,4395,4496,8,4
1400,4496,4396,8,4
1401,4396,4496,8,4
1402,4413,4439,1,4
1403,4439,4413,1,4
1404,4396,4413,2,4
1405,4413,4396,2,4
1406,4395,4413,2,4
1407,4413,4395,2,4
1408,4495,4497,10,4
1409,4497,4495,10,4
1410,4497,4349,3,4
1411,4349,4497,3,4
1412,4349,4396,28,4
1413,4396,4349,28,4
1414,4349,4397,8,4
1415,4397,4349,8,4
1416,4396,4354,39,4
1417,4354,4396,39,4
1418,4397,4354,3,4
1419,4354,4397,3,4
1420,4354,4414,1,4
1421,4414,4354,1,4
1422,4498,4396,30,4
1423,4396,4498,30,4
1424,4498,4397,6,4
1425,4397,4498,6,4
1426,4498,4349,2,4
1427,4349,4498,2,4
1428,4498,4360,13,4
1429,4360,4498,13,4
1430,4360,4361,4,4
1431,4361,4360,4,4
1432,4361,4362,3,4
1433,4362,4361,3,4
1434,4362,4364,20,4
1435,4364,4362,20,4
1436,4364,4366,0,4
1437,4366,4364,0,4
1438,4364,4499,4,4
1439,4499,4364,4,4
1440,4499,4415,1,4
1441,4415,4499,1,4
1442,4399,4417,3,4
1443,4417,4399,3,4
1444,4400,4417,3,4
1445,4417,4400,3,4
1446,4417,4440,6,4
1447,4400,4417,3,4
1448,4399,4500,6,4
1449,4500,4399,6,4
1450,4400,4500,6,4
1451,4500,4400,6,4
1452,4500,4501,14,4
1453,4501,4500,14,4
1454,4501,4372,2,4
1455,4372,4501,2,4
1456,4372,4373,16,4
1457,4373,4372,16,4
1458,4373,4374,19,4
1459,4374,4373,19,4
1460,4466,4027,19,4
1461,4027,4466,19,4
1462,4027,4028,9,4
1463,4028,4027,9,4
1464,4028,4029,8,4
1465,4029,4028,8,4
1466,4029,4038,13,4
1467,4038,4029,13,4
1468,4038,4042,9,4
1469,4042,4038,9,4
1470,4042,4407,10,4
1471,4407,4042,10,4
1472,4407,4046,4,4
1473,4046,4407,4,4
1474,4046,4502,18,4
1475,4502,4046,18,4
1476,4502,4047,0,4
1477,4047,4502,0,4
1478,4502,4051,16,4
1479,4051,4502,16,4
1480,4051,4056,18,4
1481,4056,4051,18,4
1482,4056,4503,9,4
1483,4503,4056,9,4
1484,4503,4063,28,4
1485,4063,4503,28,4
1486,4063,4070,22,4
1487,4070,4063,22,4
1488,4070,4074,8,4
1489,4074,4070,8,4
1490,4080,4074,17,4
1491,4074,4080,17,4
1492,4080,4412,27,4
1493,4412,4080,27,4
1494,4412,4086,3,4
1495,4086,4412,3,4
1496,4086,4504,5,4
1497,4504,4086,5,4
1498,4504,4453,2,4
1499,4453,4504,2,4
1500,4453,4089,30,4
1501,4089,4453,30,4
1502,4089,4505,33,4
1503,4505,4089,33,4
1504,4047,4048,17,4
1505,4048,4047,17,4
1506,4048,4506,15,4
1507,4506,4048,15,4
1508,4503,4507,17,4
1509,4507,4503,17,4
1510,4507,4057,5,4
1511,4057,4507,5,4
1512,4057,4058,2,4
1513,4058,4057,2,4
1514,4058,4059,8,4
1515,4059,4058,8,4
1516,4059,4060,6,4
1517,4060,4059,6,4
1518,4060,4061,6,4
1519,4061,4060,6,4
1520,4061,4062,1,4
1521,4062,4061,1,4
1522,4062,4064,7,4
1523,4064,4062,7,4
1524,4064,4065,3,4
1525,4065,4064,3,4
1526,4065,4066,6,4
1527,4066,4065,6,4
1528,4066,4067,1,4
1529,4067,4066,1,4
1530,4067,4068,7,4
1531,4068,4067,7,4
1532,4068,4069,0,4
1533,4069,4068,0,4
1534,4069,4508,4,4
1535,4508,4069,4,4
1536,4508,4072,4,4
1537,4072,4508,4,4
1538,4072,4073,2,4
1539,4073,4072,2,4
1540,4073,4075,6,4
1541,4075,4073,6,4
1542,4075,4077,2,4
1543,4077,4075,2,4
1544,4077,4078,7,4
1545,4078,4077,7,4
1546,4078,4079,3,4
1547,4079,4078,3,4
1548,4079,4081,6,4
1549,4081,4079,6,4
1550,4081,4082,4,4
1551,4082,4081,4,4
1552,4082,4083,13,4
1553,4083,4082,13,4
1554,4083,4084,3,4
1555,4084,4083,3,4
1556,4084,4085,3,4
1557,4085,4084,3,4
1558,4509,4085,4,4
1559,4085,4509,4,4
1560,4509,4504,18,4
1561,4504,4509,18,4
1562,4509,4510,15,4
1563,4510,4509,15,4
1564,4505,4090,18,4
1565,4090,4505,18,4
1566,4090,4091,0,4
1567,4091,4090,0,4
1568,4091,4511,14,4
1569,4511,4091,14,4
1570,4511,4510,66,4
1571,4510,4511,66,4
1572,4511,4512,17,4
1573,4512,4511,17,4
1574,4512,4432,2,4
1575,4432,4512,2,4
1576,4432,4401,10,4
1577,4401,4432,10,4
1578,4401,4451,5,4
1579,4451,4401,5,4
1580,4451,4513,32,4
1581,4513,4451,32,4
1582,4513,4430,5,4
1583,4430,4513,5,4
1584,4513,4510,4,4
1585,4510,4513,4,4
1586,4430,4150,14,4
1587,4150,4430,14,4
1588,4510,4514,53,4
1589,4514,4510,53,4
1590,4071,4514,6,4
1591,4514,4071,6,4
1592,4071,4510,47,4
1593,4510,4071,47,4
1594,4515,4390,5,4
1595,4390,4515,5,4
1596,4514,4515,4,4
1597,4515,4514,4,4
1598,4515,4429,4,4
1599,4429,4515,4,4
1600,4515,4444,8,4
1601,4444,4515,8,4
1602,4444,4516,31,4
1603,4516,4444,31,4
1604,4516,4517,5,4
1605,4517,4516,5,4
1606,4517,4426,4,4
1607,4426,4517,4,4
1608,4516,4126,17,4
1609,4126,4516,17,4
1610,4126,4506,25,4
1611,4506,4126,25,4
1612,4506,4518,5,4
1613,4518,4506,5,4
1614,4518,4387,4,4
1615,4387,4518,4,4
1616,4518,4424,4,4
1617,4424,4518,4,4
1618,4506,4448,1,4
1619,4448,4506,1,4
1620,4448,4043,14,4
1621,4043,4448,14,4
1622,4043,4039,10,4
1623,4039,4043,10,4
1624,4039,4036,22,4
1625,4036,4039,22,4
1626,4036,4035,5,4
1627,4035,4036,5,4
1628,4035,4034,6,4
1629,4034,4035,6,4
1630,4034,4519,6,4
1631,4519,4034,6,4
1632,4519,4033,6,4
1633,4033,4519,6,4
1634,4033,4030,7,4
1635,4030,4033,7,4
1636,4030,4031,8,4
1637,4031,4030,8,4
1638,4030,4032,10,4
1639,4032,4030,10,4
1640,4513,4142,22,4
1641,4142,4513,22,4
1642,4142,4520,14,4
1643,4520,4142,14,4
1644,4520,4392,6,4
1645,4392,4520,6,4
1646,4520,4431,6,4
1647,4431,4520,6,4
1648,4520,4139,4,4
1649,4139,4520,4,4
1650,4139,4445,5,4
1651,4445,4139,5,4
1652,4139,4135,29,4
1653,4135,4139,29,4
1654,4135,4433,2,4
1655,4433,4135,2,4
1656,4514,4146,15,4
1657,4146,4514,15,4
1658,4146,4144,3,4
1659,4144,4146,3,4
1660,4144,4521,27,4
1661,4521,4144,27,4
1662,4521,4391,4,4
1663,4391,4521,4,4
1664,4391,4428,2,4
1665,4428,4391,2,4
1666,4521,4132,5,4
1667,4132,4521,5,4
1668,4132,4434,32,4
1669,4434,4132,32,4
1670,4516,4108,24,4
1671,4108,4516,24,4
1672,4108,4522,8,4
1673,4522,4108,8,4
1674,4522,4523,14,4
1675,4523,4522,14,4
1676,4523,4389,5,4
1677,4389,4523,5,4
1678,4389,4427,1,4
1679,4427,4389,1,4
1680,4523,4449,9,4
1681,4449,4523,9,4
1682,4449,4103,6,4
1683,4103,4449,6,4
1684,4525,4435,1,4
1685,4435,4525,1,4
1686,4435,4524,16,4
1687,4524,4435,16,4
1688,4518,4123,10,4
1689,4123,4518,10,4
1690,4123,4526,17,4
1691,4518,4123,10,4
1692,4526,4527,13,4
1693,4527,4526,13,4
1694,4527,4388,6,4
1695,4388,4527,6,4
1696,4388,4425,2,4
1697,4425,4388,2,4
1698,4527,4443,10,4
1699,4443,4527,10,4
1700,4443,4100,2,4
1701,4100,4443,2,4
1702,4100,4528,6,4
1703,4528,4100,6,4
1704,4528,4099,11,4
1705,4099,4528,11,4
1706,4099,4529,6,4
1707,4529,4099,6,4
1708,4529,4437,2,4
1709,4437,4529,2,4
1710,4529,4092,5,4
1711,4092,4529,5,4
1712,4092,4093,10,4
1713,4093,4092,10,4
1714,4093,4095,11,4
1715,4095,4093,11,4
1716,4095,4096,14,4
1717,4096,4095,14,4
1718,4096,4097,11,4
1719,4097,4096,11,4
1720,4097,4525,5,4
1721,4525,4097,5,4
1722,4524,4105,5,4
1723,4105,4524,5,4
1724,4105,4104,11,4
1725,4104,4105,11,4
1726,4104,4102,14,4
1727,4102,4104,14,4
1728,4102,4101,1,4
1729,4101,4102,1,4
1730,4101,4528,25,4
1731,4528,4101,25,4
1732,4522,4106,5,4
1733,4106,4522,5,4
1734,4106,4107,13,4
1735,4107,4106,13,4
1736,4107,4109,12,4
1737,4109,4107,12,4
1738,4109,4110,2,4
1739,4110,4109,2,4
1740,4110,4122,4,4
1741,4122,4110,4,4
1742,4122,4120,2,4
1743,4120,4122,2,4
1744,4120,4111,5,4
1745,4111,4120,5,4
1746,4111,4121,4,4
1747,4121,4111,4,4
1748,4121,4526,9,4
1749,4526,4121,9,4
1750,4526,4117,10,4
1751,4117,4526,10,4
1752,4117,4123,7,4
1753,4123,4117,7,4
