_id,ftype,fname,nid,metadata
1,8,1002,1000,
2,9,Staircase,1001,
3,8,101,1002,
4,5,LIFT 4,1003,
5,2,1004,1004,
6,2,1005,1005,
7,2,1006,1006,
8,2,101C,1007,
9,2,1009,1008,
10,2,1010,1009,
11,2,1011,1010,
12,2,1012,1011,
13,9,Staircase,1012,
14,2,1017A,1013,
15,2,1015,1014,
16,2,1018,1015,
17,9,Staircase,1016,
18,4,M,1017,
19,5,LIFT 3,1018,
20,5,LIFT 2,1019,
21,9,Staircase,1020,
22,4,F,1021,
23,8,1024A,1022,
24,2,1024,1023,
25,8,1025B,1024,
26,2,1025,1025,
27,2,1026,1026,
28,2,1023,1027,
29,2,1022,1028,
30,2,1027,1029,
31,2,1028,1030,
32,8,1031A,1031,
33,2,1031,1032,
34,2,1029,1033,
35,2,1030A-B,1034,
36,5,LIFT 1,1035,
37,9,Staircase,1036,
38,4,M,1037,
39,8,1049,1038,
40,2,1048,1039,
41,8,1034,1040,
42,8,1034A,1041,
43,8,1035,1042,
44,8,1036,1043,
45,8,1037,1044,
46,8,1038,1045,
47,9,Staircase,1046,
48,8,1039,1047,
49,8,1043A,1048,
50,8,1043,1049,
51,5,LIFT 20,1050,
52,9,Staircase,1051,
53,9,Staircase,1052,
54,2,1201-02,1053,
55,8,1203A,1054,
56,8,1203B,1055,
57,8,1203C,1056,
58,8,1203D,1057,
59,8,1204,1058,
60,8,1205,1059,
61,2,1206,1060,
62,8,1206A,1061,
63,8,1206B,1062,
64,8,1206C,1063,
65,2,1207,1064,
66,8,1207A,1065,
67,8,1207B,1066,
68,8,1207C,1067,
69,8,1208,1068,
70,8,1209,1069,
71,8,1209A,1070,
72,2,1209B,1071,
73,8,1209C,1072,
74,8,1209D,1073,
75,2,1210,1074,
76,2,1211,1075,
77,8,1211A,1076,
78,2,1213,1077,
79,8,1221,1078,
80,8,1222,1079,
81,8,1223,1080,
82,8,1224,1081,
83,8,1225,1082,
84,8,1227,1083,
85,8,1228,1084,
86,8,1229,1085,
87,8,1230,1086,
88,8,1231,1087,
89,8,1232,1088,
90,8,1233,1089,
91,8,1218,1090,
92,2,1215,1091,
93,8,1212A,1092,
94,2,1212,1093,
95,9,Staircase,1094,
96,4,M,1095,
97,9,Staircase,1096,
98,5,LIFT 22,1097,
99,8,1125,1098,
100,8,1125A,1099,
101,8,1125B,1100,
102,9,Staircase,1101,
103,9,Staircase,1102,
104,9,Staircase,1103,
105,2,1151A,1104,
106,2,1511,1105,
107,5,LIFT 27,1106,
108,5,LIFT 28,1107,
109,4,M,1108,
110,9,Staircase,1109,
111,8,1523A,1110,
112,2,1523,1111,
113,2,1520C,1112,
114,9,Staircase,1113,
115,2,1520B,1114,
116,4,M,1115,
117,8,1520A,1116,
118,2,1520D,1117,
119,2,1520E,1118,
120,2,1518,1119,
121,5,LIFT 29,1120,
122,5,LIFT 30,1121,
123,9,Staircase,1122,
124,1,LTH,1123,
125,1,LTG,1124,
126,1,LTF,1125,
127,2,1504,1126,
128,2,1505,1127,
129,5,LIFT 25,1128,
130,5,LIFT 26,1129,
131,9,Staircase,1130,
132,2,COFFEE,1131,
133,2,1403,1132,
134,8,1401,1133,
135,1,LTE,1134,
136,2,Escalator,1135,
137,2,Escalator,1136,
138,9,Staircase,1137,
139,9,Staircase,1138,
140,1,LTD,1139,
141,1,LTC,1140,
142,9,Staircase,1141,
143,1,LTB,1142,
144,1,LTA,1143,
145,9,Staircase,1144,
146,8,1102,1145,
147,8,1103,1146,
148,2,1104,1147,
149,8,1105A,1148,
150,8,1105,1149,
151,9,Staircase,1150,
152,4,M,1151,
153,9,Staircase,1152,
154,5,LIFT 19,1153,
155,2,BARN B,1154,
156,8,1100,1155,
157,9,Staircase,1156,
158,9,Staircase,1157,
159,2,Escalator,1158,
160,2,Escalator,1159,
161,2,Academid Records and Registration Office,1160,
162,8,1369,1161,
163,9,Staircase,1162,
164,4,M,1163,
165,5,LIFT 18,1164,
166,5,LIFT 17,1165,
167,8,1379,1166,
168,8,1380,1167,
169,8,1382,1168,
170,8,1383,1169,
171,8,1384,1170,
172,8,1385,1171,
173,8,1376,1172,
174,8,1377,1173,
175,8,1378,1174,
176,8,1364,1175,
177,8,1371,1176,
178,8,1372,1177,
179,8,1373,1178,
180,8,1374,1179,
181,8,1370,1180,
182,9,Staircase,1181,
183,5,LIFT 13,1182,
184,5,LIFT 14,1183,
185,5,LIFT 15,1184,
186,9,Staircase,1185,
187,2,1348,1186,
188,5,LIFT 9,1187,
189,9,Staircase,1188,
190,2,1349B,1189,
191,9,Staircase,1190,
192,2,1349,1191,
193,2,1349A,1192,
194,2,1350,1193,
195,2,1351,1194,
196,2,1352,1195,
197,2,1354,1196,
198,4,F,1197,
199,9,Staircase,1198,
200,4,M,1199,
201,5,LIFT 7,1200,
202,2,1358,1201,
203,8,1358A,1202,
204,8,1358D,1203,
205,8,1359,1204,
206,2,1360,1205,
207,8,1361,1206,
208,8,1361A,1207,
209,8,1361B,1208,
210,8,1362,1209,
211,7,turning point,1210,
212,7,turning point,1211,
213,7,turning point,1212,
214,7,turning point,1213,
215,7,turning point,1214,
216,7,turning point,1215,
217,7,turning point,1216,
218,7,turning point,1217,
219,7,turning point,1218,
220,7,turning point,1219,
221,7,turning point,1220,
222,7,turning point,1221,
223,7,turning point,1222,
224,7,turning point,1223,
225,7,turning point,1224,
226,7,turning point,1225,
227,7,turning point,1226,
228,7,turning point,1227,
229,5,LIFT 21,1228,
230,4,F,1229,
231,7,turning point,1230,
232,7,turning point,1231,
233,7,turning point,1232,
234,7,turning point,1233,
235,7,turning point,1234,
236,7,turning point,1235,
237,7,turning point,1236,
238,7,turning point,1237,
239,7,turning point,1238,
240,7,turning point,1239,
241,7,turning point,1240,
242,7,turning point,1241,
243,7,turning point,1242,
244,7,turning point,1243,
245,7,turning point,1244,
246,7,turning point,1245,
247,7,turning point,1246,
248,7,turning point,1247,
249,7,turning point,1248,
250,7,turning point,1249,
251,7,turning point,1250,
252,7,turning point,1251,
253,7,turning point,1252,
254,7,turning point,1253,
255,7,turning point,1254,
256,7,turning point,1255,
257,7,turning point,1256,
258,7,turning point,1257,
259,7,turning point,1258,
260,7,turning point,1259,
261,7,turning point,1260,
262,7,turning point,1261,
263,2,2001,2000,
264,2,2002,2001,
265,2,2004,2002,
266,8,2004B,2003,
267,9,Staircase,2004,
268,5,LIFT 4,2005,
269,8,2006B,2006,
270,8,2006D,2007,
271,2,2005,2008,
272,8,2007A,2009,
273,8,2007B,2010,
274,8,2007C,2011,
275,8,2007D,2012,
276,8,2007E,2013,
277,8,2007F,2014,
278,2,2008,2015,
279,8,2008A,2016,
280,2,2009,2017,
281,9,Staircase,2018,
282,4,F,2019,
283,5,LIFT 3,2020,
284,2,2010-2015,2021,
285,2,2016-2019A,2022,
286,9,Staircase,2023,
287,4,M,2024,
288,5,LIFT 2,2025,
289,2,2021-2038,2026,
290,5,LIFT 1,2027,
291,4,F,2028,
292,9,Staircase,2029,
293,2,2331,2030,
294,2,2332,2031,
295,2,2338,2032,
296,8,2339,2033,
297,8,2340,2034,
298,8,2341,2035,
299,2,2346,2036,
300,2,2347,2037,
301,2,2348,2038,
302,2,2349,2039,
303,2,2350,2040,
304,2,2351,2041,
305,2,2352,2042,
306,2,2353,2043,
307,2,2354,2044,
308,2,2355,2045,
309,2,2356,2046,
310,2,2357,2047,
311,2,2358,2048,
312,2,2359,2049,
313,8,2360,2050,
314,2,2361,2051,
315,9,Staircase,2052,
316,4,M,2053,
317,2,2363,2054,
318,2,2365,2055,
319,2,2366,2056,
320,2,2367,2057,
321,2,2368,2058,
322,2,2369,2059,
323,2,2370,2060,
324,2,2371,2061,
325,2,2372,2062,
326,2,2373,2063,
327,2,2374,2064,
328,2,2375,2065,
329,8,2376,2066,
330,2,2377,2067,
331,2,2378,2068,
332,2,2379,2069,
333,2,2380,2070,
334,2,2381,2071,
335,2,2382,2072,
336,2,2383,2073,
337,2,2384,2074,
338,2,2385,2075,
339,2,2386,2076,
340,2,2387,2077,
341,2,2388,2078,
342,2,2389,2079,
343,9,Staircase,2080,
344,5,LIFT 13,2081,
345,5,LIFT 14,2082,
346,5,LIFT 15,2083,
347,2,2390,2084,
348,2,2391,2085,
349,2,2392,2086,
350,2,2393,2087,
351,2,2394,2088,
352,2,2395,2089,
353,8,2396,2090,
354,2,2397,2091,
355,5,LIFT 17,2092,
356,5,LIFT 18,2093,
357,9,Staircase,2094,
358,4,F,2095,
359,2,2301,2096,
360,2,2302,2097,
361,2,2303,2098,
362,2,2304,2099,
363,2,2306,2100,
364,2,2402,2101,
365,2,2403,2102,
366,9,Staircase,2103,
367,2,2404,2104,
368,2,2405,2105,
369,2,2406,2106,
370,2,2407,2107,
371,2,2411,2108,
372,8,2412,2109,
373,2,2413,2110,
374,2,2413A,2111,
375,2,2414,2112,
376,2,2415,2113,
377,2,2416,2114,
378,2,2417,2115,
379,2,2418,2116,
380,2,2419,2117,
381,2,2421,2118,
382,2,2422,2119,
383,2,2423,2120,
384,2,2424,2121,
385,2,2426,2122,
386,2,2427,2123,
387,2,2428,2124,
388,2,2429,2125,
389,2,2430,2126,
390,9,Staircase,2127,
391,2,2431,2128,
392,2,2432,2129,
393,2,2434,2130,
394,2,2435,2131,
395,2,2436,2132,
396,2,2437,2133,
397,2,2438,2134,
398,2,2439,2135,
399,2,2440,2136,
400,2,2441,2137,
401,2,2442,2138,
402,2,2444,2139,
403,2,2445,2140,
404,2,2446,2141,
405,2,2447,2142,
406,2,2448,2143,
407,2,2449,2144,
408,2,2450,2145,
409,2,2451,2146,
410,2,2452,2147,
411,2,2453,2148,
412,2,2454,2149,
413,2,2455,2150,
414,2,2456,2151,
415,2,2457,2152,
416,2,2460,2153,
417,2,2461,2154,
418,5,LIFT 25,2155,
419,5,LIFT 26,2156,
420,9,Staircase,2157,
421,4,M,2158,
422,2,2463,2159,
423,2,2464,2160,
424,2,2465,2161,
425,2,2466,2162,
426,9,Staircase,2163,
427,2,2501,2164,
428,2,2502,2165,
429,2,2503,2166,
430,2,2504,2167,
431,2,2462,2168,
432,2,2513,2169,
433,2,2514,2170,
434,2,2510,2171,
435,2,2512,2172,
436,8,2511,2173,
437,2,2515,2174,
438,2,2517,2175,
439,2,2518,2176,
440,2,2519,2177,
441,2,2520,2178,
442,2,2521,2179,
443,2,2522,2180,
444,2,2523,2181,
445,2,2524,2182,
446,2,2525,2183,
447,2,2526,2184,
448,2,2527,2185,
449,2,2528,2186,
450,2,2529,2187,
451,2,2531,2188,
452,2,2532,2189,
453,2,2533,2190,
454,2,2534,2191,
455,2,2535,2192,
456,2,2536,2193,
457,2,2537,2194,
458,9,Staircase,2195,
459,2,Escalator,2197,
460,2,2538,2198,
461,2,2539,2199,
462,2,2541,2200,
463,2,2542,2201,
464,2,2543,2202,
465,2,2544,2203,
466,2,2545,2204,
467,2,2546,2205,
468,2,2547,2206,
469,2,2548,2207,
470,2,2549,2208,
471,2,2551,2209,
472,2,2552,2210,
473,2,2553,2211,
474,2,2554,2212,
475,2,2555,2213,
476,2,2556,2214,
477,2,2557,2215,
478,2,2558,2216,
479,2,2559,2217,
480,2,2560,2218,
481,2,2561,2219,
482,2,2562,2220,
483,2,2563,2221,
484,2,2564,2222,
485,2,2566,2223,
486,2,2567,2224,
487,2,2575,2225,
488,5,LIFT 27,2226,
489,5,LIFT 28,2227,
490,4,F,2228,
491,9,Staircase,2229,
492,2,2579,2230,
493,2,2580,2231,
494,8,2581,2232,
495,8,2582,2233,
496,8,2584,2234,
497,2,2568,2235,
498,2,2569,2236,
499,8,2570,2237,
500,2,2571A,2238,
501,8,2571B,2239,
502,2,2572,2240,
503,9,Staircase,2241,
504,2,2577,2242,
505,8,2577A,2243,
506,8,2577B,2244,
507,8,2576,2245,
508,2,2590,2246,
509,5,LIFT 29,2247,
510,5,LIFT 30,2248,
511,2,2591,2249,
512,2,2593,2250,
513,2,2594,2251,
514,2,2595,2252,
515,2,2601,2253,
516,2,2602,2254,
517,4,M,2255,
518,9,Staircase,2256,
519,9,Staircase,2257,
520,2,2604,2258,
521,2,2605,2259,
522,2,2611A,2260,
523,8,2611B,2261,
524,8,2611C,2262,
525,2,2611,2263,
526,4,F,2264,
527,2,2612A,2265,
528,2,2612B,2266,
529,5,LIFT 31,2267,
530,5,LIFT 32,2268,
531,9,Staircase,2269,
532,1,LTK,2270,
533,2,2121,2271,
534,9,Staircase,2272,
535,4,M,2273,
536,9,Staircase,2274,
537,5,LIFT 19,2275,
538,2,2207B,2276,
539,2,2207A,2277,
540,8,2209B,2278,
541,8,2209C,2279,
542,2,2200B,2280,
543,5,LIFT 20,2281,
544,9,Staircase,2282,
545,8,2200A,2283,
546,9,Staircase,2284,
547,8,2209,2285,
548,8,2209A,2286,
549,8,2205A,2287,
550,2,2201,2288,
551,9,Staircase,2289,
552,4,M,2290,
553,9,Staircase,2291,
554,5,LIFT 21,2292,
555,2,2205B,2293,
556,2,2204,2294,
557,8,2202A,2295,
558,8,2202,2296,
559,8,2203,2297,
560,2,2205,2298,
561,9,Staircase,2299,
562,4,F,2300,
563,9,Staircase,2301,
564,5,LIFT 22,2302,
565,2,2230,2303,
566,5,LIFT 23,2304,
567,9,Staircase,2305,
568,9,Staircase,2306,
569,8,2231D,2307,
570,2,2231E,2308,
571,2,2231A,2309,
572,2,2231,2310,
573,2,2231F,2311,
574,8,2231C,2312,
575,8,2231B,2313,
576,2,2232,2314,
577,2,2233,2315,
578,2,2234,2316,
579,2,2235,2317,
580,2,2236,2318,
581,2,2237,2319,
582,2,2238,2320,
583,2,2239,2321,
584,4,F,2322,
585,9,Staircase,2323,
586,5,LIFT 24,2324,
587,2,2226,2325,
588,2,2225,2326,
589,2,2224,2327,
590,2,2216,2328,
591,2,2229,2329,
592,2,2228,2330,
593,2,2223&2227,2331,
594,2,2222,2332,
595,2,2221,2333,
596,2,2220,2334,
597,8,2220A,2335,
598,2,2211,2336,
599,2,2212,2337,
600,2,2219,2338,
601,2,2218,2339,
602,2,2217,2340,
603,2,2213,2341,
604,2,2214,2342,
605,9,Staircase,2343,
606,2,2215,2344,
607,2,2155,2345,
608,8,2124,2346,
609,9,Staircase,2347,
610,2,2124A,2348,
611,2,2124B,2349,
612,2,2122,2350,
613,2,2123,2351,
614,2,2126D,2352,
615,2,2125B,2353,
616,2,2125C,2354,
617,2,2126A,2355,
618,2,2126B,2356,
619,2,2126C,2357,
620,2,2127A,2358,
621,2,2127B,2359,
622,2,2127C,2360,
623,2,2128A,2361,
624,2,2128B,2362,
625,2,2128C,2363,
626,2,2129A,2364,
627,2,2129B,2365,
628,2,2129C,2366,
629,2,2130A,2367,
630,2,2130B,2368,
631,2,2130C,2369,
632,2,2131A,2370,
633,2,2131B,2371,
634,2,2131C,2372,
635,2,2132A,2373,
636,2,2132B,2374,
637,2,2132C,2375,
638,2,2133-34,2376,
639,8,2137,2377,
640,8,2137A,2378,
641,2,2136-38,2379,
642,2,2140,2380,
643,2,2141,2381,
644,2,2142,2382,
645,2,2143,2383,
646,2,2144,2384,
647,2,2145,2385,
648,2,2146,2386,
649,8,2147,2387,
650,2,2148,2388,
651,2,2149,2389,
652,9,Staircase,2390,
653,2,2150,2391,
654,2,2151,2392,
655,2,2152,2393,
656,2,2153,2394,
657,2,2154,2395,
658,8,2158,2396,
659,2,2159,2397,
660,2,2160,2398,
661,1,LTJ,2399,
662,4,F,2400,
663,4,M,2401,
664,9,Staircase,2402,
665,8,2162A,2403,
666,2,2162,2404,
667,9,Staircase,2405,
668,2,2164,2406,
669,8,2165,2407,
670,2,2166,2408,
671,9,Staircase,2409,
672,5,LIFT 33,2410,
673,7,turning point,2411,
674,7,turning point,2412,
675,7,turning point,2413,
676,7,turning point,2414,
677,7,turning point,2415,
678,7,turning point,2416,
679,7,turning point,2417,
680,7,turning point,2418,
681,7,turning point,2419,
682,7,turning point,2420,
683,7,turning point,2421,
684,7,turning point,2422,
685,7,turning point,2423,
686,7,turning point,2424,
687,7,turning point,2425,
688,7,turning point,2426,
689,7,turning point,2427,
690,7,turning point,2428,
691,7,turning point,2429,
692,7,turning point,2430,
693,7,turning point,2431,
694,7,turning point,2432,
695,7,turning point,2433,
696,7,turning point,2434,
697,7,turning point,2435,
698,7,turning point,2436,
699,7,turning point,2437,
700,7,turning point,2438,
701,7,turning point,2439,
702,7,turning point,2440,
703,7,turning point,2441,
704,7,turning point,2442,
705,7,turning point,2516,
706,7,turning point,2443,
707,7,turning point,2444,
708,7,turning point,2445,
709,7,turning point,2446,
710,7,turning point,2447,
711,7,turning point,2448,
712,7,turning point,2449,
713,7,turning point,2450,
714,7,turning point,2451,
715,7,turning point,2452,
716,7,turning point,2453,
717,7,turning point,2454,
718,7,turning point,2455,
719,7,turning point,2456,
720,7,turning point,2457,
721,7,turning point,2458,
722,7,turning point,2459,
723,7,turning point,2460,
724,7,turning point,2461,
725,7,turning point,2462,
726,7,turning point,2463,
727,7,turning point,2464,
728,7,turning point,2465,
729,7,turning point,2466,
730,7,turning point,2467,
731,7,turning point,2468,
732,7,turning point,2469,
733,7,turning point,2470,
734,7,turning point,2471,
735,7,turning point,2472,
736,7,turning point,2473,
737,7,turning point,2474,
738,7,turning point,2475,
739,7,turning point,2476,
740,7,turning point,2477,
741,7,turning point,2478,
742,7,turning point,2479,
743,7,turning point,2480,
744,7,turning point,2481,
745,7,turning point,2482,
746,7,turning point,2483,
747,7,turning point,2484,
748,7,turning point,2485,
749,7,turning point,2486,
750,7,turning point,2487,
751,7,turning point,2488,
752,7,turning point,2489,
753,7,turning point,2490,
754,7,turning point,2491,
755,7,turning point,2492,
756,7,turning point,2493,
757,7,turning point,2494,
758,7,turning point,2495,
759,7,turning point,2496,
760,7,turning point,2497,
761,7,turning point,2498,
762,7,turning point,2499,
763,7,turning point,2500,
764,7,turning point,2501,
765,7,turning point,2502,
766,7,turning point,2503,
767,7,turning point,2504,
768,7,turning point,2505,
769,7,turning point,2506,
770,7,turning point,2507,
771,7,turning point,2508,
772,7,turning point,2509,
773,7,turning point,2510,
774,7,turning point,2511,
775,7,turning point,2512,
776,7,turning point,2513,
777,8,F,2514,
778,8,2394A,2515,
779,2,3001,3000,
780,8,3002,3001,
781,9,Staircase,3002,
782,5,LIFT 4,3003,
783,8,3003,3004,
784,2,3005,3005,
785,2,3006,3006,
786,2,3007,3007,
787,2,3008,3008,
788,9,Staircase,3009,
789,5,LIFT 3,3010,
790,4,M,3011,
791,2,3011-3017,3012,
792,2,3331,3013,
793,2,3332,3014,
794,2,3333,3015,
795,2,3334,3016,
796,2,3335,3017,
797,2,3336,3018,
798,2,3337,3019,
799,2,3338,3020,
800,2,3339,3021,
801,2,3340,3022,
802,2,3341,3023,
803,2,3342,3024,
804,2,3343,3025,
805,2,3344,3026,
806,2,3345,3027,
807,2,3346,3028,
808,2,3347,3029,
809,2,3348,3030,
810,2,3349,3031,
811,2,3350,3032,
812,2,3351,3033,
813,2,3352,3034,
814,2,3353,3035,
815,2,3354,3036,
816,2,3355,3037,
817,2,3356,3038,
818,2,3357,3039,
819,2,3358,3040,
820,2,3359,3041,
821,2,3360,3042,
822,8,3361,3043,
823,8,3362,3044,
824,8,3363,3045,
825,8,3364,3046,
826,2,3365,3047,
827,9,Staircase,3048,
828,4,F,3049,
829,2,3366,3050,
830,2,3367,3051,
831,2,3368,3052,
832,2,3369,3053,
833,2,3370,3054,
834,2,3371,3055,
835,2,3373,3056,
836,2,3374,3057,
837,2,3375,3058,
838,2,3376,3059,
839,2,3377,3060,
840,2,3378,3061,
841,2,3379,3062,
842,2,3380,3063,
843,2,3381,3064,
844,2,3382,3065,
845,2,3383,3066,
846,2,3384,3067,
847,2,3385,3068,
848,2,3386,3069,
849,2,3387,3070,
850,2,3388,3071,
851,2,3389,3072,
852,2,3390,3073,
853,2,3391,3074,
854,2,3392,3075,
855,9,Staircase,3076,
856,5,LIFT 13,3077,
857,5,LIFT 14,3078,
858,5,LIFT 15,3079,
859,2,3301,3080,
860,9,Staircase,3081,
861,2,3302,3082,
862,2,3303,3083,
863,2,3304,3084,
864,2,3305,3085,
865,2,3306,3086,
866,2,3307,3087,
867,2,3308,3088,
868,2,3309,3089,
869,2,3310,3090,
870,2,3311,3091,
871,2,3312,3092,
872,2,3313,3093,
873,2,3314,3094,
874,2,3315,3095,
875,2,3316,3096,
876,2,3399,3097,
877,5,LIFT 17,3098,
878,5,LIFT 18,3099,
879,9,Staircase,3100,
880,4,M,3101,
881,2,3401,3102,
882,2,3402,3103,
883,2,3403,3104,
884,2,3404,3105,
885,2,3405,3106,
886,2,3406,3107,
887,2,3407,3108,
888,2,3408,3109,
889,2,3409,3110,
890,2,3410,3111,
891,2,3411,3112,
892,2,3412,3113,
893,2,3413,3114,
894,2,3414,3115,
895,2,3415,3116,
896,2,3416,3117,
897,2,3419,3118,
898,2,3420,3119,
899,2,3421,3120,
900,2,3422,3121,
901,2,3423,3122,
902,2,3424,3123,
903,2,3425,3124,
904,2,3426,3125,
905,2,3427,3126,
906,2,3428,3127,
907,2,3429,3128,
908,2,3430,3129,
909,2,3431,3130,
910,2,3432,3131,
911,2,3433,3132,
912,2,3434,3133,
913,9,Staircase,3134,
914,2,3435,3135,
915,2,3436,3136,
916,2,3437,3137,
917,2,3438,3138,
918,2,3439,3139,
919,2,3442,3140,
920,2,3443,3141,
921,2,3444,3142,
922,2,3445,3143,
923,2,3446,3144,
924,2,3447,3145,
925,2,3449,3146,
926,2,3450,3147,
927,2,3451,3148,
928,2,3452,3149,
929,2,3453,3150,
930,2,3454,3151,
931,2,3455,3152,
932,2,3456,3153,
933,2,3457,3154,
934,2,3458,3155,
935,2,3459,3156,
936,2,3460,3157,
937,2,3461,3158,
938,2,3462,3159,
939,8,3463,3160,
940,2,3464,3161,
941,5,LIFT 25,3162,
942,5,LIFT 26,3163,
943,4,F,3164,
944,9,Staircase,3165,
945,2,3468,3166,
946,2,3469,3167,
947,2,3470,3168,
948,2,3471,3169,
949,2,3472,3170,
950,2,3473,3171,
951,2,3476,3172,
952,2,3477,3173,
953,2,3478,3174,
954,2,3481,3175,
955,2,3482,3176,
956,2,3483,3177,
957,2,3484,3178,
958,2,3485,3179,
959,2,3486,3180,
960,2,3488,3181,
961,2,3489,3182,
962,2,3490,3183,
963,2,3491,3184,
964,2,3492,3185,
965,2,3493,3186,
966,2,3494,3187,
967,9,Staircase,3188,
968,2,3501,3189,
969,2,3502,3190,
970,2,3503,3191,
971,2,3504,3192,
972,2,3505,3193,
973,2,3506,3194,
974,2,3507,3195,
975,2,3508,3196,
976,2,3509,3197,
977,2,3510,3198,
978,2,3511,3199,
979,2,3512,3200,
980,2,3513,3201,
981,2,3514,3202,
982,2,3515,3203,
983,2,3516,3204,
984,2,3517,3205,
985,2,3518,3206,
986,2,3519,3207,
987,2,3520,3208,
988,2,3521,3209,
989,2,3522,3210,
990,2,3523,3211,
991,2,3524,3212,
992,2,3525,3213,
993,2,3526,3214,
994,2,3527,3215,
995,2,3528,3216,
996,8,3531,3217,
997,8,3532,3218,
998,2,3533,3219,
999,2,3534,3220,
1000,2,3535,3221,
1001,2,3536,3222,
1002,2,3537,3223,
1003,2,3538,3224,
1004,2,3539,3225,
1005,2,3541,3226,
1006,2,3542,3227,
1007,2,3543,3228,
1008,2,3544,3229,
1009,2,3545,3230,
1010,2,3546,3231,
1011,2,3547,3232,
1012,9,staircase,3233,
1013,2,3548,3234,
1014,2,3549,3235,
1015,2,3551,3236,
1016,2,3552,3237,
1017,2,3553,3238,
1018,2,3554,3239,
1019,2,3555,3240,
1020,2,3556,3241,
1021,2,3557,3242,
1022,2,3558,3243,
1023,2,3559,3244,
1024,2,3561,3245,
1025,2,3562,3246,
1026,2,3563,3247,
1027,2,3564,3248,
1028,2,3565,3249,
1029,2,3566,3250,
1030,2,3567,3251,
1031,2,3568,3252,
1032,2,3569,3253,
1033,2,3570,3254,
1034,2,3571,3255,
1035,2,3572,3256,
1036,2,3573,3257,
1037,2,3574,3258,
1038,2,3575,3259,
1039,2,3576,3260,
1040,8,3577,3261,
1041,8,3578,3262,
1042,8,3579,3263,
1043,8,3580,3264,
1044,2,3581,3265,
1045,5,LIFT 27,3266,
1046,5,LIFT 28,3267,
1047,4,M,3268,
1048,9,Staircase,3269,
1049,2,3582,3270,
1050,2,3583,3271,
1051,2,3584,3272,
1052,2,3585,3273,
1053,2,3586,3274,
1054,2,3587,3275,
1055,2,3588,3276,
1056,2,3589,3277,
1057,2,3590,3278,
1058,2,3591,3279,
1059,2,3592,3280,
1060,2,3593,3281,
1061,2,3594,3282,
1062,2,3595,3283,
1063,2,3596,3284,
1064,2,3597,3285,
1065,2,3598,3286,
1066,9,Staircase,3287,
1067,2,3600,3288,
1068,8,3601,3289,
1069,8,3602,3290,
1070,8,3603,3291,
1071,8,3604,3292,
1072,8,3605,3293,
1073,8,3606,3294,
1074,8,3607,3295,
1075,8,3608,3296,
1076,8,3609,3297,
1077,8,3610,3298,
1078,8,3611,3299,
1079,8,3612,3300,
1080,8,3613,3301,
1081,8,3614,3302,
1082,8,3615,3303,
1083,2,3616,3304,
1084,9,Staircase,3305,
1085,8,3619,3306,
1086,8,3620,3307,
1087,2,3620A,3308,
1088,8,3622A,3309,
1089,8,3622,3310,
1090,8,3623,3311,
1091,8,3624,3312,
1092,5,LIFT 29,3313,
1093,5,LIFT 30,3314,
1094,2,3618,3315,
1095,8,3625A,3316,
1096,2,3625,3317,
1097,2,3626,3318,
1098,2,3627,3319,
1099,2,3627A,3320,
1100,2,3628,3321,
1101,2,3629,3322,
1102,2,3630,3323,
1103,2,3631,3324,
1104,2,3632,3325,
1105,4,F,3326,
1106,9,Staircase,3327,
1107,2,3633,3328,
1108,2,3634,3329,
1109,8,3635,3330,
1110,2,3636,3331,
1111,2,3637,3332,
1112,2,3638,3333,
1113,2,3639,3334,
1114,2,3642,3335,
1115,8,3644,3336,
1116,8,3645,3337,
1117,2,3641,3338,
1118,8,3646,3339,
1119,8,3647,3340,
1120,8,3648,3341,
1121,8,3649,3342,
1122,5,LIFT 31,3343,
1123,5,LIFT 32,3344,
1124,4,M,3345,
1125,9,Staircase,3346,
1126,2,3655,3347,
1127,2,3657,3348,
1128,2,3658,3349,
1129,2,3659,3350,
1130,2,3662,3351,
1131,2,3663,3352,
1132,2,3664,3353,
1133,9,Staircase,3354,
1134,2,3142,3355,
1135,2,3143,3356,
1136,5,LIFT 33,3357,
1137,9,Staircase,3358,
1138,1,LTJ,3359,
1139,9,Staircase,3360,
1140,9,Staircase,3361,
1141,2,3131,3362,
1142,9,Staircase,3363,
1143,5,LIFT 24,3364,
1144,9,Staircase,3365,
1145,4,M,3366,
1146,8,3234,3367,
1147,8,LIFT 23,3368,
1148,9,Staircase,3369,
1149,9,Staircase,3370,
1150,2,3018-3019,3371,
1151,5,LIFT 2,3372,
1152,4,F,3373,
1153,2,3020-3026,3374,
1154,2,3020,3375,
1155,2,3021,3376,
1156,2,3022,3377,
1157,2,3023,3378,
1158,2,3024,3379,
1159,2,3025,3380,
1160,2,3026,3381,
1161,2,3019A,3382,
1162,5,LIFT 1,3383,
1163,4,M,3384,
1164,9,Staircase,3385,
1165,2,3033A,3386,
1166,2,3033B,3387,
1167,2,3033C,3388,
1168,2,3035,3389,
1169,2,3033,3390,
1170,2,3037,3391,
1171,9,Staircase,3392,
1172,2,3101,3393,
1173,2,3107,3394,
1174,2,3107A,3395,
1175,2,3107B,3396,
1176,2,3107C,3397,
1177,2,3107D,3398,
1178,9,Staircase,3399,
1179,4,F,3400,
1180,9,Staircase,3401,
1181,5,LIFT 19,3402,
1182,2,3108,3403,
1183,9,Staircase,3404,
1184,2,3109,3405,
1185,2,3109A,3406,
1186,2,3111,3407,
1187,2,3111A,3408,
1188,8,3111B,3409,
1189,2,3113,3410,
1190,8,3113A,3411,
1191,2,3113B,3412,
1192,2,3115,3413,
1193,2,3110,3414,
1194,8,3112,3415,
1195,2,3114,3416,
1196,2,3114A,3417,
1197,2,3117,3418,
1198,8,3117A,3419,
1199,2,3118,3420,
1200,8,3118A,3421,
1201,8,3118B,3422,
1202,8,3118C,3423,
1203,2,3120,3424,
1204,8,3120B,3425,
1205,2,3122,3426,
1206,2,3123,3427,
1207,2,3124,3428,
1208,2,3126,3429,
1209,2,3127,3430,
1210,2,3116,3431,
1211,9,Staircase,3432,
1212,8,3116B,3433,
1213,2,3116A,3434,
1214,2,3119,3435,
1215,4,F,3436,
1216,9,Staircase,3437,
1217,5,LIFT 22,3438,
1218,2,3121,3439,
1219,8,3121A,3440,
1220,2,3125A,3441,
1221,2,3130,3442,
1222,2,3200,3443,
1223,8,3201A,3444,
1224,8,3201B,3445,
1225,2,3201,3446,
1226,8,3202A,3447,
1227,8,3202B,3448,
1228,8,3202C,3449,
1229,8,3202D,3450,
1230,2,3202,3451,
1231,9,Staircase,3452,
1232,4,M,3453,
1233,9,Staircase,3454,
1234,5,LIFT 20,3455,
1235,2,3203,3456,
1236,2,3204C,3457,
1237,2,3204B,3458,
1238,8,3204A,3459,
1239,8,3206,3460,
1240,2,3205,3461,
1241,2,3207,3462,
1242,2,3207B,3463,
1243,2,3207A-3208,3464,
1244,2,3208A,3465,
1245,9,Staircase,3466,
1246,4,F,3467,
1247,9,Staircase,3468,
1248,5,LIFT 21,3469,
1249,2,3209A&3209C,3470,
1250,2,3209B,3471,
1251,2,3210,3472,
1252,2,3211,3473,
1253,2,3211A,3474,
1254,2,3213,3475,
1255,2,3214,3476,
1256,8,3215,3477,
1257,2,3216,3478,
1258,8,3217,3479,
1259,8,3217A,3480,
1260,2,3218,3481,
1261,2,3219,3482,
1262,2,3220,3483,
1263,7,turning point,3484,
1264,7,turning point,3485,
1265,7,turning point,3486,
1266,7,turning point,3487,
1267,7,turning point,3488,
1268,7,turning point,3489,
1269,7,turning point,3490,
1270,7,turning point,3491,
1271,7,turning point,3492,
1272,7,turning point,3493,
1273,7,turning point,3494,
1274,7,turning point,3495,
1275,7,turning point,3496,
1276,7,turning point,3497,
1277,7,turning point,3498,
1278,7,turning point,3499,
1279,7,turning point,3500,
1280,7,turning point,3501,
1281,7,turning point,3502,
1282,7,turning point,3503,
1283,7,turning point,3504,
1284,7,turning point,3505,
1285,7,turning point,3506,
1286,7,turning point,3507,
1287,7,turning point,3508,
1288,7,turning point,3509,
1289,7,turning point,3510,
1290,7,turning point,3511,
1291,7,turning point,3512,
1292,7,turning point,3513,
1293,2,3530,3514,
1294,7,turning point,3515,
1295,7,turning point,3516,
1296,7,turning point,3517,
1297,7,turning point,3518,
1298,7,turning point,3519,
1299,7,turning point,3520,
1300,7,turning point,3521,
1301,7,turning point,3522,
1302,7,turning point,3523,
1303,7,turning point,3524,
1304,7,turning point,3525,
1305,7,turning point,3526,
1306,7,turning point,3527,
1307,7,turning point,3528,
1308,7,turning point,3529,
1309,7,turning point,3530,
1310,7,turning point,3531,
1311,7,turning point,3532,
1312,7,turning point,3533,
1313,7,turning point,3534,
1314,7,turning point,3535,
1315,7,turning point,3536,
1316,7,turning point,3537,
1317,7,turning point,3538,
1318,7,turning point,3539,
1319,7,turning point,3540,
1320,7,turning point,3541,
1321,7,turning point,3542,
1322,7,turning point,3543,
1323,7,turning point,3544,
1324,7,turning point,3545,
1325,2,4001-4004,4452,
1326,8,4001,4000,
1327,8,4002,4001,
1328,8,4003,4002,
1329,8,4004,4003,
1330,2,4005,4004,
1331,8,4007,4005,
1332,8,4008,4006,
1333,8,4009,4007,
1334,8,4010,4008,
1335,8,4011,4009,
1336,8,4012,4010,
1337,2,4013,4011,
1338,2,4015,4012,
1339,2,4016,4013,
1340,2,4017,4014,
1341,2,4018,4015,
1342,2,4020,4016,
1343,2,4021,4017,
1344,2,4026,4018,
1345,2,4027,4019,
1346,2,4028,4020,
1347,2,4029,4021,
1348,2,4030,4022,
1349,8,4032,4023,
1350,2,4033,4024,
1351,2,4035,4025,
1352,8,4091,4026,
1353,2,4092,4027,
1354,2,4093,4028,
1355,2,4094,4029,
1356,2,4095,4030,
1357,2,4096,4031,
1358,2,4098,4032,
1359,2,4101,4033,
1360,2,4102,4034,
1361,2,4103,4035,
1362,2,4104,4036,
1363,8,4105,4037,
1364,2,4106,4038,
1365,2,4107,4039,
1366,8,4107A,4040,
1367,8,4108,4041,
1368,2,4109,4042,
1369,2,4110,4043,
1370,8,4110B,4044,
1371,8,4111,4045,
1372,2,4112,4046,
1373,2,4113,4047,
1374,2,4114,4048,
1375,2,4115,4049,
1376,8,4115A,4050,
1377,2,4116,4051,
1378,8,4116A,4052,
1379,8,4116B,4053,
1380,8,4116C,4054,
1381,8,4116D,4055,
1382,2,4117,4056,
1383,2,4118,4057,
1384,2,4119,4058,
1385,2,4120,4059,
1386,2,4121,4060,
1387,2,4122,4061,
1388,2,4123,4062,
1389,2,4124,4063,
1390,2,4125,4064,
1391,2,4126,4065,
1392,2,4127,4066,
1393,2,4128,4067,
1394,2,4129,4068,
1395,2,4130A,4069,
1396,2,4130B,4070,
1397,2,4131,4071,
1398,2,4132,4072,
1399,2,4133,4073,
1400,2,4134,4074,
1401,2,4135,4075,
1402,2,4136,4076,
1403,2,4137,4077,
1404,2,4138,4078,
1405,2,4139,4079,
1406,2,4140,4080,
1407,2,4141,4081,
1408,2,4142,4082,
1409,2,4144,4083,
1410,2,4145,4084,
1411,2,4146,4085,
1412,2,4147,4086,
1413,2,4149-4150,4453,
1414,8,4149,4087,
1415,8,4150,4088,
1416,2,4160,4089,
1417,2,4161A,4090,
1418,2,4161B,4091,
1419,2,4201,4092,
1420,2,4202,4093,
1421,8,4202A,4094,
1422,2,4203,4095,
1423,2,4204,4096,
1424,2,4205,4097,
1425,8,4205A,4098,
1426,2,4206,4099,
1427,2,4207,4100,
1428,2,4208,4101,
1429,2,4209,4102,
1430,2,4210,4103,
1431,2,4211,4104,
1432,2,4212,4105,
1433,2,4213,4106,
1434,2,4214,4107,
1435,2,4214A,4108,
1436,2,4215,4109,
1437,2,4216,4110,
1438,2,4217,4111,
1439,8,4217A,4112,
1440,8,4217B,4113,
1441,8,4217C,4114,
1442,8,4217D,4115,
1443,8,4217E,4116,
1444,2,4218,4117,
1445,8,4218B,4118,
1446,8,4218C,4119,
1447,2,4218D,4120,
1448,2,4218G,4121,
1449,2,4218H,4122,
1450,2,4219,4123,
1451,8,4219A,4124,
1452,2,4220,4125,
1453,2,4221,4126,
1454,8,4221A,4127,
1455,2,4222,4128,
1456,8,4222A,4129,
1457,8,4222B,4130,
1458,8,4222C,4131,
1459,2,4223,4132,
1460,8,4223A,4133,
1461,8,4223B,4134,
1462,2,4224,4135,
1463,8,4224A,4136,
1464,8,4224B,4137,
1465,8,4224C,4138,
1466,2,4225,4139,
1467,8,4225A,4140,
1468,8,4225B,4141,
1469,2,4225C,4142,
1470,8,4226,4143,
1471,2,4226B,4144,
1472,8,4226C,4145,
1473,2,4227,4146,
1474,8,4227A,4147,
1475,8,4228,4148,
1476,8,4229,4149,
1477,2,4230,4150,
1478,8,4230A,4151,
1479,8,4230B,4152,
1480,2,4331,4153,
1481,2,4332A,4154,
1482,2,4332B-E,4454,
1483,8,4332B,4155,
1484,8,4332C,4156,
1485,8,4332D,4157,
1486,8,4332E,4158,
1487,2,4333A-B,4455,
1488,8,4333A,4159,
1489,8,4333B,4160,
1490,2,4334,4161,
1491,2,4335,4162,
1492,2,4336,4163,
1493,2,4337,4164,
1494,2,4338,4165,
1495,2,4340,4166,
1496,8,4341,4167,
1497,8,4342,4168,
1498,2,4347,4169,
1499,2,4348,4170,
1500,8,4350,4171,
1501,2,4351,4172,
1502,2,4352,4173,
1503,2,4353,4174,
1504,2,4354,4175,
1505,2,4355,4176,
1506,2,4357,4177,
1507,2,4358,4178,
1508,8,4359,4179,
1509,2,4360,4180,
1510,2,4361,4181,
1511,2,4362,4182,
1512,2,4363,4183,
1513,8,4364,4184,
1514,8,4365,4185,
1515,2,4366,4186,
1516,2,4367,4187,
1517,2,4368,4188,
1518,2,4371,4189,
1519,2,4373,4190,
1520,2,4374,4191,
1521,2,4375,4192,
1522,2,4376,4193,
1523,8,4378,4194,
1524,2,4379,4195,
1525,2,4380,4196,
1526,2,4381,4197,
1527,2,4382,4198,
1528,8,4382A,4199,
1529,8,4382B,4200,
1530,8,4382C,4201,
1531,8,4382D,4202,
1532,8,4382E,4203,
1533,2,4383,4204,
1534,2,4384,4205,
1535,8,4384A,4206,
1536,2,4401,4207,
1537,8,4411,4208,
1538,2,4412,4209,
1539,2,4413,4210,
1540,2,4414,4211,
1541,2,4416,4212,
1542,2,4417,4213,
1543,2,4418,4214,
1544,2,4419,4215,
1545,2,4420,4216,
1546,2,4421,4217,
1547,2,4422,4218,
1548,2,4423,4219,
1549,2,4425,4220,
1550,2,4426,4221,
1551,2,4427,4222,
1552,2,4428,4223,
1553,2,4430,4224,
1554,2,4431,4225,
1555,2,4432,4226,
1556,2,4433,4227,
1557,2,4434,4228,
1558,2,4435,4229,
1559,2,4436,4230,
1560,2,4438,4231,
1561,2,4439,4232,
1562,2,4440,4233,
1563,2,4441,4234,
1564,2,4442,4235,
1565,2,4443,4236,
1566,2,4444,4237,
1567,2,4445,4238,
1568,2,4447,4239,
1569,2,4448,4240,
1570,2,4449,4241,
1571,2,4450,4242,
1572,2,4451,4243,
1573,2,4452,4244,
1574,2,4453,4245,
1575,2,4454,4246,
1576,2,4455,4247,
1577,2,4456,4248,
1578,2,4457,4249,
1579,2,4458,4250,
1580,2,4459,4251,
1581,2,4460,4252,
1582,2,4461,4253,
1583,2,4462,4254,
1584,8,4463,4255,
1585,2,4464,4256,
1586,2,4468,4257,
1587,2,4469,4258,
1588,2,4470,4259,
1589,2,4471,4260,
1590,2,4472,4261,
1591,2,4473,4262,
1592,2,4474,4263,
1593,2,4475,4264,
1594,2,4476,4265,
1595,2,4477,4266,
1596,2,4478,4267,
1597,2,4480,4268,
1598,2,4481,4269,
1599,2,4482,4270,
1600,2,4483,4271,
1601,2,4484,4272,
1602,2,4501,4273,
1603,2,4502,4274,
1604,2,4503,4275,
1605,2,4504,4276,
1606,2,4505,4277,
1607,2,4510,4278,
1608,8,4511,4279,
1609,2,4512,4280,
1610,2,4514,4281,
1611,2,4515,4282,
1612,2,4516,4283,
1613,2,4517,4284,
1614,2,4518,4285,
1615,2,4519,4286,
1616,2,4520,4287,
1617,2,4521,4288,
1618,2,4522,4289,
1619,2,4523,4290,
1620,2,4524,4291,
1621,2,4525,4292,
1622,2,4526,4293,
1623,2,4527,4294,
1624,2,4528,4295,
1625,2,4530,4296,
1626,2,4531,4297,
1627,2,4532,4298,
1628,2,4533,4299,
1629,2,4534,4300,
1630,2,4535,4301,
1631,2,4536,4302,
1632,2,4537,4303,
1633,2,4538,4304,
1634,2,4540,4305,
1635,2,4541,4306,
1636,2,4542,4307,
1637,2,4543,4308,
1638,2,4544,4309,
1639,2,4545,4310,
1640,2,4546,4311,
1641,2,4547,4312,
1642,2,4548,4313,
1643,2,4550,4314,
1644,2,4551,4315,
1645,2,4552,4316,
1646,2,4553,4317,
1647,2,4554,4318,
1648,2,4555,4319,
1649,2,4556,4320,
1650,2,4557,4321,
1651,2,4558,4322,
1652,2,4559,4323,
1653,2,4560,4324,
1654,2,4561,4325,
1655,2,4562,4326,
1656,2,4564,4327,
1657,2,4566-4572,4492,
1658,8,4566,4328,
1659,2,4567,4329,
1660,2,4568,4330,
1661,8,4569,4331,
1662,8,4570,4332,
1663,8,4571,4333,
1664,8,4572,4334,
1665,2,4572A,4335,
1666,2,4573,4336,
1667,2,4574,4337,
1668,2,4577,4338,
1669,2,4578,4339,
1670,8,4579,4340,
1671,8,4580,4341,
1672,2,4581,4342,
1673,2,4582,4343,
1674,2,4583,4344,
1675,2,4584,4345,
1676,2,4585,4346,
1677,2,4585A,4347,
1678,2,4585B,4348,
1679,2,4585C,4349,
1680,2,4586,4350,
1681,8,4587,4351,
1682,8,4588,4352,
1683,8,4589,4353,
1684,2,4592,4354,
1685,8,4593,4355,
1686,8,4594,4356,
1687,8,4595,4357,
1688,8,4596,4358,
1689,8,4597,4359,
1690,2,4599,4360,
1691,2,4600,4361,
1692,2,4601,4362,
1693,8,4602,4363,
1694,2,4605,4364,
1695,8,4605A,4365,
1696,2,4606,4366,
1697,8,4606A,4367,
1698,8,4606B,4368,
1699,8,4606C,4369,
1700,8,4606D,4370,
1701,2,4607,4371,
1702,2,4619,4372,
1703,2,4620,4373,
1704,2,4621,4374,
1705,2,BarnA,4376,
1706,2,BarnC ,4377,
1707,5,LIFT 1,4378,
1708,5,LIFT 2,4379,
1709,5,LIFT 3,4380,
1710,5,LIFT 4,4381,
1711,5,LIFT 13,4382,
1712,5,LIFT 14,4383,
1713,5,LIFT 15,4384,
1714,5,LIFT 17,4385,
1715,5,LIFT 18,4386,
1716,5,LIFT 19,4387,
1717,5,LIFT 20,4388,
1718,5,LIFT 21,4389,
1719,5,LIFT 22,4390,
1720,5,LIFT 23,4391,
1721,5,LIFT 24,4392,
1722,5,LIFT 25,4393,
1723,5,LIFT 26,4394,
1724,5,LIFT 27,4395,
1725,5,LIFT 28,4396,
1726,5,LIFT 29,4397,
1727,5,LIFT 30,4398,
1728,5,LIFT 31,4399,
1729,5,LIFT 32,4400,
1730,5,LIFT 33,4401,
1731,9,stairs1,4402,
1732,9,stairs2,4403,
1733,9,stairs3,4404,
1734,9,stairs4,4405,
1735,9,stairs5,4406,
1736,9,stairs6,4407,
1737,9,stairs7,4408,
1738,9,stairs8,4409,
1739,9,stairs9,4410,
1740,9,stairs10,4411,
1741,9,stairs11,4412,
1742,9,stairs12,4413,
1743,9,stairs13,4414,
1744,9,stairs14,4415,
1745,9,stairs15,4416,
1746,9,stairs16,4417,
1747,9,stairs17,4418,
1748,9,stairs18,4419,
1749,9,stairs19,4420,
1750,9,stairs20,4421,
1751,9,stairs21,4422,
1752,9,stairs22,4423,
1753,9,stairs23,4424,
1754,9,stairs24,4425,
1755,9,stairs25,4426,
1756,9,stairs26,4427,
1757,9,stairs27,4428,
1758,9,stairs28,4429,
1759,9,stairs29,4430,
1760,9,stairs30,4431,
1761,9,stairs31,4432,
1762,9,stairs32,4433,
1763,9,stairs33,4434,
1764,9,stairs34,4435,
1765,9,stairs35,4436,
1766,9,stairs36,4437,
1767,4,F,4438,
1768,4,F,4439,
1769,4,F,4440,
1770,4,F,4441,
1771,4,F,4442,
1772,4,F,4443,
1773,4,F,4444,
1774,4,F,4445,
1775,4,M,4446,
1776,4,M,4447,
1777,4,M,4448,
1778,4,M,4449,
1779,4,M,4450,
1780,4,M,4451,
1781,4,M,4486,
1782,4,M,4499,
1783,7,turning point,4456,
1784,7,turning point,4457,
1785,7,turning point,4458,
1786,7,turning point,4459,
1787,7,turning point,4460,
1788,7,turning point,4461,
1789,7,turning point,4462,
1790,7,turning point,4463,
1791,7,turning point,4464,
1792,7,turning point,4465,
1793,7,turning point,4466,
1794,7,turning point,4467,
1795,7,turning point,4468,
1796,7,turning point,4469,
1797,7,turning point,4470,
1798,7,turning point,4471,
1799,7,turning point,4472,
1800,7,turning point,4473,
1801,7,turning point,4474,
1802,7,turning point,4475,
1803,7,turning point,4476,
1804,7,turning point,4477,
1805,7,turning point,4478,
1806,7,turning point,4479,
1807,7,turning point,4480,
1808,7,turning point,4481,
1809,7,turning point,4482,
1810,7,turning point,4483,
1811,7,turning point,4484,
1812,7,turning point,4485,
1813,7,turning point,4487,
1814,7,turning point,4488,
1815,7,turning point,4489,
1816,7,turning point,4490,
1817,7,turning point,4491,
1818,7,turning point,4493,
1819,7,turning point,4494,
1820,7,turning point,4495,
1821,7,turning point,4496,
1822,7,turning point,4497,
1823,7,turning point,4498,
1824,7,turning point,4500,
1825,7,turning point,4501,
1826,7,turning point,4502,
1827,7,turning point,4503,
1828,7,turning point,4504,
1829,7,turning point,4505,
1830,7,turning point,4506,
1831,7,turning point,4507,
1832,7,turning point,4508,
1833,7,turning point,4509,
1834,7,turning point,4510,
1835,7,turning point,4511,
1836,7,turning point,4512,
1837,7,turning point,4513,
1838,7,turning point,4514,
1839,7,turning point,4515,
1840,7,turning point,4516,
1841,7,turning point,4517,
1842,7,turning point,4518,
1843,7,turning point,4519,
1844,7,turning point,4520,
1845,7,turning point,4521,
1846,7,turning point,4522,
1847,7,turning point,4523,
1848,7,turning point,4524,
1849,7,turning point,4525,
1850,7,turning point,4526,
1851,7,turning point,4527,
1852,7,turning point,4528,
1853,7,turning point,4529,
1854,8,5003,5000,
1855,8,5005,5001,
1856,8,5006,5002,
1857,8,5007,5003,
1858,8,5008,5004,
1859,8,5009,5005,
1860,8,5010,5006,
1861,8,5011,5007,
1862,8,5012,5008,
1863,8,5013,5009,
1864,2,5014,5010,
1865,8,5015,5011,
1866,8,5016,5012,
1867,8,5017,5013,
1868,8,5018,5014,
1869,8,5019,5015,
1870,8,5020,5016,
1871,8,5021,5017,
1872,8,5022,5018,
1873,8,5023,5019,
1874,8,5024,5020,
1875,8,5025,5021,
1876,8,5026,5022,
1877,8,5028,5023,
1878,8,5029,5024,
1879,8,5030,5025,
1880,8,5031,5026,
1881,8,5032,5027,
1882,8,5036,5028,
1883,2,5037,5029,
1884,8,5038,5030,
1885,8,5039,5031,
1886,8,5040,5032,
1887,8,5041,5033,
1888,8,5043,5034,
1889,8,5303,5035,
1890,2,5331,5036,
1891,8,5332,5037,
1892,8,5333,5038,
1893,8,5334,5039,
1894,8,5335,5040,
1895,8,5336,5041,
1896,8,5337,5042,
1897,8,5339,5043,
1898,8,5340,5044,
1899,8,5341,5045,
1900,8,5342,5046,
1901,8,5343,5047,
1902,8,5344,5048,
1903,8,5345,5049,
1904,8,5346,5050,
1905,8,5350,5051,
1906,2,5351,5052,
1907,8,5352,5053,
1908,8,5353,5054,
1909,8,5355,5055,
1910,2,5358,5056,
1911,8,5362,5057,
1912,8,5363,5058,
1913,8,5364,5059,
1914,8,5365,5060,
1915,8,5366,5061,
1916,8,5367,5062,
1917,8,5368,5063,
1918,8,5369,5064,
1919,8,5401,5065,
1920,8,5402,5066,
1921,8,5404,5067,
1922,8,5405,5068,
1923,8,5406,5069,
1924,8,5407,5070,
1925,2,5409,5071,
1926,8,5410,5072,
1927,8,5411,5073,
1928,8,5412,5074,
1929,8,5413,5075,
1930,2,5414,5076,
1931,8,5415,5077,
1932,8,5416,5078,
1933,8,5417,5079,
1934,8,5418,5080,
1935,8,5419,5081,
1936,8,5420,5082,
1937,2,5435,5083,
1938,2,5436,5084,
1939,2,5437,5085,
1940,2,5438,5086,
1941,2,5439,5087,
1942,2,5440,5088,
1943,2,5441,5089,
1944,2,5442,5090,
1945,2,5443,5091,
1946,2,5444,5092,
1947,2,5445,5093,
1948,2,5446,5094,
1949,2,5447,5095,
1950,2,5448,5096,
1951,2,5449,5097,
1952,2,5450,5098,
1953,2,5451,5099,
1954,2,5452,5100,
1955,2,5453,5101,
1956,2,5454,5102,
1957,2,5455,5103,
1958,2,5456,5104,
1959,2,5457,5105,
1960,2,5458,5106,
1961,2,5459,5107,
1962,2,5460,5108,
1963,2,5461,5109,
1964,2,5462,5110,
1965,2,5463,5111,
1966,2,5466,5112,
1967,8,5467,5113,
1968,8,5468,5114,
1969,2,5470,5115,
1970,2,5471,5116,
1971,2,5472,5117,
1972,2,5473,5118,
1973,2,5474,5119,
1974,2,5475,5120,
1975,2,5476,5121,
1976,2,5477,5122,
1977,2,5478,5123,
1978,2,5479,5124,
1979,2,5480,5125,
1980,2,5481,5126,
1981,2,5482,5127,
1982,2,5483,5128,
1983,2,5484,5129,
1984,2,5485,5130,
1985,2,5486,5131,
1986,2,5487,5132,
1987,2,5488,5133,
1988,2,5489,5134,
1989,2,5490,5136,
1990,2,5491,5137,
1991,2,5492,5138,
1992,2,5493,5139,
1993,2,5494,5140,
1994,8,5495,5141,
1995,2,5501,5142,
1996,2,5502,5143,
1997,2,5503,5144,
1998,2,5504,5145,
1999,2,5505,5146,
2000,2,5506,5147,
2001,2,5507,5148,
2002,2,5508,5149,
2003,2,5509,5150,
2004,2,5510,5151,
2005,2,5512,5152,
2006,2,5513,5153,
2007,2,5514,5154,
2008,2,5515,5155,
2009,2,5516,5156,
2010,2,5517,5157,
2011,2,5518,5158,
2012,2,5519,5159,
2013,2,5520,5160,
2014,2,5521,5161,
2015,2,5522,5162,
2016,2,5524,5163,
2017,2,5525,5164,
2018,2,5526,5165,
2019,2,5527,5166,
2020,2,5528,5167,
2021,2,5529,5168,
2022,2,5530,5169,
2023,2,5531,5170,
2024,2,5532,5171,
2025,2,5534,5172,
2026,2,5535,5173,
2027,2,5536,5174,
2028,2,5537,5175,
2029,2,5538,5176,
2030,2,5539,5177,
2031,2,5540,5178,
2032,2,5541,5179,
2033,2,5543,5180,
2034,2,5544,5181,
2035,2,5545,5182,
2036,2,5546,5183,
2037,2,5547,5184,
2038,2,5548,5185,
2039,2,5549,5186,
2040,2,5550,5187,
2041,2,5551,5188,
2042,8,5552,5189,
2043,8,5553,5190,
2044,2,5554,5191,
2045,2,5555,5192,
2046,2,5557,5193,
2047,2,5558,5194,
2048,2,5559,5195,
2049,2,5560,5196,
2050,2,5561,5197,
2051,2,5562,5198,
2052,2,5563,5199,
2053,2,5564,5200,
2054,2,5565,5201,
2055,2,5566,5202,
2056,2,5567,5203,
2057,2,5568,5204,
2058,8,5570,5205,
2059,8,5571,5206,
2060,2,5572,5207,
2061,2,5577,5208,
2062,2,5578,5209,
2063,2,5579,5210,
2064,2,5580,5211,
2065,2,5581,5212,
2066,2,5582,5213,
2067,2,5583,5214,
2068,2,5584,5215,
2069,2,5585,5216,
2070,2,5588,5217,
2071,8,5589,5218,
2072,8,5590,5219,
2073,2,5591,5220,
2074,8,5592,5222,
2075,8,5593,5223,
2076,8,5594,5224,
2077,8,5595,5225,
2078,8,5596,5226,
2079,8,5597,5227,
2080,8,5598,5228,
2081,8,5599,5229,
2082,8,5600,5230,
2083,8,5601,5232,
2084,8,5602,5233,
2085,2,5603,5235,
2086,8,5604,5237,
2087,8,5605,5239,
2088,8,5606,5240,
2089,8,5614,5241,
2090,8,5615,5242,
2091,8,5616,5243,
2092,8,5617,5244,
2093,2,5619,5245,
2094,2,5620,5246,
2095,8,5003A,5247,
2096,8,5004A,5248,
2097,8,5418A,5249,
2098,8,5502A,5250,
2099,8,5502B,5251,
2100,8,5611A,5252,
2101,8,5611B,5253,
2102,8,5611C,5254,
2103,8,5611D,5255,
2104,8,5611E,5256,
2105,8,5613A,5257,
2106,8,5613B,5258,
2107,8,5613C,5259,
2108,8,5613D,5260,
2109,8,5613E,5261,
2110,8,5613F,5262,
2111,8,5613G,5263,
2112,8,5613H,5264,
2113,8,5613I,5265,
2114,8,5613J,5266,
2115,8,5613K,5267,
2116,8,5613L,5268,
2117,8,5613M,5269,
2118,5,LIFT 2,5271,
2119,5,LIFT 3,5272,
2120,5,LIFT 13,5273,
2121,5,LIFT 14,5274,
2122,5,LIFT 15,5275,
2123,5,LIFT 17,5276,
2124,5,LIFT 18,5277,
2125,5,LIFT 25,5278,
2126,5,LIFT 26,5279,
2127,5,LIFT 27,5280,
2128,5,LIFT 28,5281,
2129,5,LIFT 29,5282,
2130,5,LIFT 30,5283,
2131,5,LIFT 31,5284,
2132,5,LIFT 32,5285,
2133,9,stairs1,5286,
2134,9,stairs2,5287,
2135,9,stairs3,5288,
2136,9,stairs4,5289,
2137,9,stairs5,5290,
2138,9,stairs6,5291,
2139,9,stairs7,5292,
2140,9,stairs8,5293,
2141,9,stairs9,5294,
2142,9,stairs10,5295,
2143,9,stairs11,5296,
2144,9,stairs12,5297,
2145,9,stairs13,5298,
2146,9,stairs14,5299,
2147,4,M,5300,
2148,4,M,5301,
2149,4,M,5302,
2150,4,M,5303,
2151,4,F,5304,
2152,4,F,5305,
2153,4,F,5306,
2154,7,turning point,5307,
2155,7,turning point,5308,
2156,7,turning point,5309,
2157,7,turning point,5310,
2158,7,turning point,5311,
2159,7,turning point,5312,
2160,7,turning point,5313,
2161,7,turning point,5314,
2162,7,turning point,5315,
2163,7,turning point,5316,
2164,7,turning point,5317,
2165,7,turning point,5318,
2166,7,turning point,5319,
2167,7,turning point,5320,
2168,7,turning point,5321,
2169,7,turning point,5322,
2170,7,turning point,5323,
2171,7,turning point,5324,
2172,7,turning point,5325,
2173,2,5570-5572,5326,
2174,7,turning point,5327,
2175,2,5589-5606,5328,
2176,7,turning point,5329,
2177,7,turning point,5330,
2178,2,5613A-M,5331,
2179,2,5611A-E,5332,
2180,2,5614-5617,5333,
2181,2,6100,6000,
2182,2,6101,6001,
2183,2,6102,6002,
2184,2,6103,6003,
2185,2,6104,6004,
2186,2,6105,6005,
2187,2,6107,6006,
2188,2,6109,6007,
2189,2,6111,6008,
2190,2,6112,6009,
2191,2,6113,6010,
2192,2,6114,6011,
2193,2,6115,6012,
2194,2,6116,6013,
2195,2,6118,6014,
2196,2,6120,6015,
2197,2,6123,6016,
2198,2,6124,6017,
2199,2,6126,6018,
2200,2,6127,6019,
2201,2,6128,6020,
2202,8,6129,6021,
2203,2,6130,6022,
2204,2,6131,6023,
2205,2,6133,6024,
2206,8,6134,6025,
2207,2,6135,6026,
2208,8,6136,6027,
2209,2,6137,6028,
2210,8,6138,6029,
2211,2,6139,6030,
2212,2,6140,6031,
2213,2,6141,6032,
2214,8,6142,6033,
2215,2,6143,6034,
2216,2,6144,6035,
2217,2,6145,6036,
2218,2,6146,6037,
2219,2,6147,6038,
2220,2,6148,6039,
2221,2,6149,6040,
2222,2,6150,6041,
2223,8,6201,6042,
2224,8,6202,6043,
2225,8,6203,6044,
2226,8,6204,6045,
2227,8,6205,6046,
2228,8,6206,6047,
2229,8,6207,6048,
2230,8,6208,6049,
2231,8,6209,6050,
2232,8,6210,6051,
2233,8,6211,6052,
2234,8,6212,6053,
2235,8,6213,6054,
2236,8,6214,6055,
2237,8,6215,6056,
2238,8,6216,6057,
2239,8,6217,6058,
2240,8,6218,6059,
2241,8,6219,6060,
2242,8,6220,6061,
2243,8,6221,6062,
2244,8,6222,6063,
2245,8,6223,6064,
2246,8,6224,6065,
2247,8,6225,6066,
2248,8,6226,6067,
2249,8,6227,6068,
2250,8,6228,6069,
2251,8,6229,6070,
2252,8,6230,6071,
2253,8,6231,6072,
2254,8,6232,6073,
2255,8,6234,6074,
2256,8,6235,6075,
2257,8,6236,6076,
2258,8,6237,6077,
2259,8,6238,6078,
2260,8,6239,6079,
2261,8,6240,6080,
2262,8,6241,6081,
2263,8,6242,6082,
2264,8,6243,6083,
2265,8,6244,6084,
2266,8,6245,6085,
2267,8,6246,6086,
2268,8,6247,6087,
2269,8,6248,6088,
2270,8,6249,6089,
2271,2,6250,6090,
2272,8,6251,6091,
2273,8,6252,6092,
2274,2,6253,6093,
2275,2,6254,6094,
2276,2,6255,6095,
2277,2,6256-6259,6096,
2278,8,6256,6097,
2279,8,6257,6098,
2280,8,6258,6099,
2281,8,6259,6100,
2282,2,6260,6101,
2283,2,6267,6102,
2284,2,6268,6103,
2285,2,6269,6104,
2286,2,6270,6105,
2287,2,6271,6106,
2288,8,6272,6107,
2289,8,6273,6108,
2290,8,6274,6109,
2291,8,6275,6110,
2292,8,6276,6111,
2293,8,6277,6112,
2294,8,6278,6113,
2295,8,6279,6114,
2296,8,6280,6115,
2297,8,6281,6116,
2298,8,6282,6117,
2299,8,6283,6118,
2300,8,6284,6119,
2301,8,6285,6120,
2302,8,6287,6121,
2303,8,6288,6122,
2304,8,6288,6123,
2305,8,6289,6124,
2306,8,6290,6125,
2307,8,6291,6126,
2308,8,6292,6127,
2309,8,6293,6128,
2310,8,6294,6129,
2311,8,6295,6130,
2312,8,6296,6131,
2313,8,6297,6132,
2314,8,6298,6133,
2315,8,6299,6134,
2316,8,6300,6135,
2317,8,6301,6136,
2318,8,6302,6137,
2319,8,6303,6138,
2320,8,6304,6139,
2321,8,6305,6140,
2322,8,6306,6141,
2323,8,6307,6142,
2324,8,6308,6143,
2325,8,6309,6144,
2326,8,6310,6145,
2327,8,6311,6146,
2328,8,6312,6147,
2329,8,6313,6148,
2330,8,6315,6149,
2331,8,6316,6150,
2332,8,6318,6151,
2333,2,6319,6152,
2334,8,6320,6153,
2335,2,6321,6154,
2336,2,6322,6155,
2337,2,6323,6156,
2338,2,6330-3376,6157,
2339,8,6330,6158,
2340,8,6331,6159,
2341,8,6332,6160,
2342,8,6333,6161,
2343,8,6334,6162,
2344,8,6335,6163,
2345,8,6336,6164,
2346,8,6337,6165,
2347,8,6338,6166,
2348,8,6339,6167,
2349,8,6340,6168,
2350,8,6341,6169,
2351,8,6342,6170,
2352,8,6343,6171,
2353,8,6344,6172,
2354,8,6345,6173,
2355,8,6346,6174,
2356,8,6347,6175,
2357,8,6348,6176,
2358,8,6349,6177,
2359,8,6350,6178,
2360,8,6351,6179,
2361,8,6352,6180,
2362,8,6353,6181,
2363,8,6354,6182,
2364,8,6355,6183,
2365,8,6356,6184,
2366,8,6357,6185,
2367,8,6358,6186,
2368,8,6359,6187,
2369,8,6360,6188,
2370,8,6361,6189,
2371,8,6362,6190,
2372,8,6363,6191,
2373,8,6364,6192,
2374,8,6365,6193,
2375,8,6366,6194,
2376,8,6367,6195,
2377,8,6368,6196,
2378,8,6369,6197,
2379,8,6370,6198,
2380,8,6371,6199,
2381,8,6372,6200,
2382,8,6373,6201,
2383,8,6374,6202,
2384,8,6375,6203,
2385,8,6376,6204,
2386,2,6401-6522,6205,
2387,8,6401,6206,
2388,8,6402,6207,
2389,8,6403,6208,
2390,8,6404,6209,
2391,8,6405,6210,
2392,8,6406,6211,
2393,8,6407,6212,
2394,8,6408,6213,
2395,8,6409,6214,
2396,8,6410,6215,
2397,8,6411,6216,
2398,8,6412,6217,
2399,8,6413,6218,
2400,8,6414,6219,
2401,8,6415,6220,
2402,8,6416,6221,
2403,8,6417,6222,
2404,8,6418,6223,
2405,8,6419,6224,
2406,8,6420,6225,
2407,8,6421,6226,
2408,8,6422,6227,
2409,8,6423,6228,
2410,8,6424,6229,
2411,8,6425,6230,
2412,8,6426,6231,
2413,8,6427,6232,
2414,8,6428,6233,
2415,8,6429,6234,
2416,8,6430,6235,
2417,8,6431,6236,
2418,8,6432,6237,
2419,8,6433,6238,
2420,8,6434,6239,
2421,8,6435,6240,
2422,8,6436,6241,
2423,8,6437,6242,
2424,8,6438,6243,
2425,8,6439,6244,
2426,8,6440,6245,
2427,8,6441,6246,
2428,8,6442,6247,
2429,8,6443,6248,
2430,8,6444,6249,
2431,8,6445,6250,
2432,8,6446,6251,
2433,8,6447,6252,
2434,8,6448,6253,
2435,8,6449,6254,
2436,8,6450,6255,
2437,8,6451,6256,
2438,8,6452,6257,
2439,8,6453,6258,
2440,8,6454,6259,
2441,8,6455,6260,
2442,8,6456,6261,
2443,8,6457,6262,
2444,8,6458,6263,
2445,8,6459,6264,
2446,8,6460,6265,
2447,8,6461,6266,
2448,8,6462,6267,
2449,8,6463,6268,
2450,8,6464,6269,
2451,8,6465,6270,
2452,8,6466,6271,
2453,8,6467,6272,
2454,8,6468,6273,
2455,8,6469,6274,
2456,8,6470,6275,
2457,8,6471,6276,
2458,8,6472,6277,
2459,8,6473,6278,
2460,8,6474,6279,
2461,8,6475,6280,
2462,8,6476,6281,
2463,8,6477,6282,
2464,8,6478,6283,
2465,8,6479,6284,
2466,8,6480,6285,
2467,8,6481,6286,
2468,8,6482,6287,
2469,8,6483,6288,
2470,8,6484,6289,
2471,8,6485,6290,
2472,8,6486,6291,
2473,8,6487,6292,
2474,8,6488,6293,
2475,8,6489,6294,
2476,8,6490,6295,
2477,8,6491,6296,
2478,8,6492,6297,
2479,8,6493,6298,
2480,8,6494,6299,
2481,8,6495,6300,
2482,8,6496,6301,
2483,8,6497,6302,
2484,8,6498,6303,
2485,8,6499,6304,
2486,8,6500,6305,
2487,8,6501,6306,
2488,8,6502,6307,
2489,8,6503,6308,
2490,8,6504,6309,
2491,8,6505,6310,
2492,8,6506,6311,
2493,8,6507,6312,
2494,8,6508,6313,
2495,8,6509,6314,
2496,8,6510,6315,
2497,8,6511,6316,
2498,8,6512,6317,
2499,8,6513,6318,
2500,8,6514,6319,
2501,8,6515,6320,
2502,8,6516,6321,
2503,8,6517,6322,
2504,8,6518,6323,
2505,8,6519,6324,
2506,8,6520,6325,
2507,8,6521,6326,
2508,8,6522,6327,
2509,2,6525-6538,6328,
2510,8,6525,6329,
2511,8,6526,6330,
2512,8,6527,6331,
2513,8,6528,6332,
2514,8,6529,6333,
2515,8,6530,6334,
2516,8,6531,6335,
2517,8,6532,6336,
2518,8,6533,6337,
2519,8,6534,6338,
2520,8,6535,6339,
2521,8,6536,6340,
2522,8,6537,6341,
2523,8,6538,6342,
2524,2,6539-6548,6343,
2525,8,6539,6344,
2526,8,6540,6345,
2527,8,6541,6346,
2528,8,6542,6347,
2529,8,6543,6348,
2530,8,6544,6349,
2531,8,6545,6350,
2532,8,6546,6351,
2533,8,6547,6352,
2534,8,6548,6353,
2535,2,6549-6566,6354,
2536,8,6549,6355,
2537,8,6550,6356,
2538,8,6551,6357,
2539,8,6552,6358,
2540,8,6553,6359,
2541,8,6554,6360,
2542,8,6555,6361,
2543,8,6556,6362,
2544,8,6557,6363,
2545,8,6558,6364,
2546,8,6559,6365,
2547,8,6560,6366,
2548,8,6561,6367,
2549,8,6562,6368,
2550,8,6563,6369,
2551,8,6564,6370,
2552,8,6565,6371,
2553,8,6566,6372,
2554,8,6568,6373,
2555,8,6569,6374,
2556,8,6573,6375,
2557,8,6576,6376,
2558,8,6577,6377,
2559,2,6580-6583,6378,
2560,8,6580,6379,
2561,8,6581,6380,
2562,8,6582,6381,
2563,8,6583,6382,
2564,8,6591,6383,
2565,2,6592,6384,
2566,8,6595,6385,
2567,8,6596,6386,
2568,8,6597,6387,
2569,8,6598,6388,
2570,8,6599,6389,
2571,8,6601,6390,
2572,8,6602,6391,
2573,8,6603,6392,
2574,2,6117AB,6393,
2575,2,611A,6394,
2576,2,6122AB,6395,
2577,8,6233A,6396,
2578,8,6233B,6397,
2579,8,6310A,6398,
2580,8,6310C,6399,
2581,8,6310D,6400,
2582,8,6310E,6401,
2583,8,6310F,6402,
2584,8,6310G,6403,
2585,8,6310H,6404,
2586,8,6314A,6405,
2587,8,6314B,6406,
2588,8,6316A,6407,
2589,8,6592A,6408,
2590,8,6592B,6409,
2591,8,6603A,6410,
2592,8,6603B,6411,
2593,5,LIFT 13,6412,
2594,5,LIFT 14,6413,
2595,5,LIFT 15,6414,
2596,5,LIFT 17,6415,
2597,5,LIFT 18,6416,
2598,5,LIFT 19,6417,
2599,5,LIFT 20,6418,
2600,5,LIFT 21,6419,
2601,5,LIFT 22,6420,
2602,5,LIFT 23,6421,
2603,5,LIFT 24,6422,
2604,5,LIFT 25,6423,
2605,5,LIFT 26,6424,
2606,5,LIFT 27,6425,
2607,5,LIFT 28,6426,
2608,5,LIFT 29,6427,
2609,5,LIFT 30,6428,
2610,5,LIFT 31,6429,
2611,5,LIFT 32,6430,
2612,5,LIFT 33,6431,
2613,9,Stairs1,6432,
2614,9,Stairs2,6433,
2615,9,Stairs3,6434,
2616,9,Stairs4,6435,
2617,9,Stairs5,6436,
2618,9,Stairs6,6437,
2619,9,Stairs7,6438,
2620,9,Stairs8,6439,
2621,9,Stairs9,6440,
2622,9,Stairs10,6441,
2623,9,Stairs11,6442,
2624,9,Stairs12,6443,
2625,9,Stairs13,6444,
2626,9,Stairs14,6445,
2627,9,Stairs15,6446,
2628,9,Stairs16,6447,
2629,9,Stairs17,6448,
2630,9,Stairs18,6449,
2631,9,Stairs19,6450,
2632,9,Stairs20,6451,
2633,9,Stairs21,6452,
2634,9,Stairs22,6453,
2635,9,Stairs23,6454,
2636,9,Stairs24,6455,
2637,4,M,6456,
2638,4,M,6457,
2639,4,M,6458,
2640,4,M,6459,
2641,4,M,6460,
2642,4,F,6461,
2643,4,F,6462,
2644,4,F,6463,
2645,4,F,6464,
2646,4,F,6465,
2647,4,F,6466,
2648,4,F,6467,
2649,7,turning point,6468,
2650,7,turning point,6469,
2651,7,turning point,6470,
2652,7,turning point,6471,
2653,7,turning point,6472,
2654,7,turning point,6473,
2655,7,turning point,6474,
2656,7,turning point,6475,
2657,7,turning point,6476,
2658,7,turning point,6477,
2659,7,turning point,6478,
2660,7,turning point,6479,
2661,7,turning point,6480,
2662,7,turning point,6481,
2663,7,turning point,6482,
2664,7,turning point,6483,
2665,7,turning point,6484,
2666,7,turning point,6485,
2667,7,turning point,6486,
2668,7,turning point,6487,
2669,7,turning point,6488,
2670,7,turning point,6489,
2671,7,turning point,6490,
2672,2,7101,7000,
2673,2,7102,7001,
2674,2,7103,7002,
2675,2,7104,7003,
2676,2,7105,7004,
2677,2,7106,7005,
2678,2,7107,7006,
2679,2,7108,7007,
2680,2,7109,7008,
2681,2,7110,7009,
2682,2,7111,7010,
2683,2,7112,7011,
2684,2,7113,7012,
2685,2,7114,7013,
2686,2,7118,7014,
2687,2,7119,7015,
2688,2,7120,7016,
2689,2,7121,7017,
2690,2,7122,7018,
2691,8,7123,7019,
2692,8,7124,7020,
2693,8,7125,7021,
2694,2,7126,7022,
2695,2,7127,7023,
2696,2,7130,7024,
2697,2,7132,7025,
2698,2,7133,7026,
2699,2,7134,7027,
2700,2,7135,7028,
2701,2,7136,7029,
2702,2,7137,7030,
2703,2,7138,7031,
2704,2,7139,7032,
2705,2,7140,7033,
2706,2,7141,7034,
2707,2,7142,7035,
2708,2,7143,7036,
2709,2,7144,7037,
2710,2,7145,7038,
2711,2,7146,7039,
2712,2,7147-7150,7120,
2713,8,7147,7040,
2714,8,7148,7041,
2715,8,7149,7042,
2716,8,7150,7043,
2717,2,7152-7153,7121,
2718,8,7152,7044,
2719,8,7153,7045,
2720,2,7161,7046,
2721,2,7162,7047,
2722,2,7163,7048,
2723,2,7164,7049,
2724,2,7165,7050,
2725,2,7166,7051,
2726,2,7167,7052,
2727,2,7201-7220,7115,
2728,8,7201,7053,
2729,8,7202,7054,
2730,8,7203,7055,
2731,8,7204,7056,
2732,8,7205,7057,
2733,8,7206,7058,
2734,8,7207,7059,
2735,8,7208,7060,
2736,8,7209,7061,
2737,8,7210,7062,
2738,8,7211,7063,
2739,8,7212,7064,
2740,8,7213,7065,
2741,8,7214,7066,
2742,8,7215,7067,
2743,8,7216,7068,
2744,8,7217,7069,
2745,8,7218,7070,
2746,8,7219,7071,
2747,8,7220,7072,
2748,2,7250,7073,
2749,2,7251,7074,
2750,2,7252,7075,
2751,8,7253,7076,
2752,2,7301,7077,
2753,2,7307-7313,7129,
2754,8,7307,7078,
2755,8,7308,7079,
2756,8,7309,7080,
2757,8,7310,7081,
2758,8,7311,7082,
2759,8,7312,7083,
2760,8,7313,7084,
2761,2,7331-7343,7128,
2762,8,7331,7085,
2763,8,7332,7086,
2764,8,7333,7087,
2765,8,7334,7088,
2766,8,7335,7089,
2767,8,7336,7090,
2768,8,7337,7091,
2769,8,7338,7092,
2770,8,7339,7093,
2771,8,7340,7094,
2772,8,7341,7095,
2773,8,7342,7096,
2774,8,7343,7097,
2775,8,7122A,7098,
2776,8,7122B,7099,
2777,5,LIFT 13,7100,
2778,5,LIFT 14,7101,
2779,5,LIFT 15,7102,
2780,5,LIFT 19,7103,
2781,5,LIFT 21,7104,
2782,5,LIFT 22,7105,
2783,5,LIFT 23,7106,
2784,5,LIFT 33,7107,
2785,4,M,7108,
2786,4,M,7109,
2787,4,M,7110,
2788,4,F,7111,
2789,4,F,7112,
2790,7,turning point,7113,
2791,7,turning point ,7114,
2792,7,turning point,7116,
2793,7,turning point,7117,
2794,7,turning point,7118,
2795,7,turning point,7119,
2796,7,turning point,7122,
2797,7,turning point,7123,
2798,7,turning point ,7124,
2799,7,turning point,7125,
2800,7,turning point,7126,
2801,7,turning point,7127,
