_id,latitude,longitude,floor
3000,114.2630638,22.33782734,3
3001,114.2630638,22.33775298,3
3002,114.2630638,22.33769721,3
3003,114.2630614,22.33762285,3
3004,114.2630828,22.33758568,3
3005,114.2630923,22.33751132,3
3006,114.2631017,22.3373626,3
3007,114.2631349,22.33712094,3
3008,114.2631634,22.33695364,3
3009,114.2631823,22.33673056,3
3010,114.2631847,22.33667479,3
3011,114.2631942,22.3368421,3
3012,114.2631966,22.33673056,3
3013,114.2631752,22.33645172,3
3014,114.26318,22.33639595,3
3015,114.2631752,22.33639595,3
3016,114.2631752,22.33635877,3
3017,114.26318,22.33628442,3
3018,114.26318,22.33624724,3
3019,114.2631681,22.33624724,3
3020,114.2631657,22.33624724,3
3021,114.2631657,22.33621006,3
3022,114.26318,22.3361357,3
3023,114.26318,22.33609852,3
3024,114.26318,22.33609852,3
3025,114.26318,22.33598699,3
3026,114.2631776,22.33598699,3
3027,114.2631657,22.33598699,3
3028,114.2631657,22.33594981,3
3029,114.2631776,22.33598699,3
3030,114.26318,22.33593122,3
3031,114.26318,22.33581968,3
3032,114.26318,22.3357825,3
3033,114.2631776,22.33572674,3
3034,114.2631657,22.33572674,3
3035,114.2631657,22.33567097,3
3036,114.2631657,22.33567097,3
3037,114.2631776,22.33572674,3
3038,114.26318,22.33567097,3
3039,114.26318,22.33563379,3
3040,114.26318,22.33555943,3
3041,114.26318,22.33552225,3
3042,114.26318,22.33537354,3
3043,114.2631705,22.33537354,3
3044,114.263161,22.33537354,3
3045,114.2631729,22.33537354,3
3046,114.2631705,22.335262,3
3047,114.2631895,22.33537354,3
3048,114.2631989,22.33511328,3
3049,114.2632037,22.3350947,3
3050,114.2631918,22.33537354,3
3051,114.2631942,22.33537354,3
3052,114.2632108,22.33537354,3
3053,114.2632155,22.33537354,3
3054,114.263206,22.33528059,3
3055,114.263206,22.33524341,3
3056,114.263225,22.33522482,3
3057,114.263225,22.33524341,3
3058,114.263225,22.33533636,3
3059,114.2632297,22.33537354,3
3060,114.2632345,22.33537354,3
3061,114.2632487,22.33537354,3
3062,114.263244,22.33535495,3
3063,114.263244,22.33528059,3
3064,114.2632535,22.33528059,3
3065,114.2632535,22.33533636,3
3066,114.2632535,22.33537354,3
3067,114.26327,22.33537354,3
3068,114.2632724,22.33537354,3
3069,114.2632724,22.33524341,3
3070,114.2632724,22.33522482,3
3071,114.2632724,22.33533636,3
3072,114.263289,22.33537354,3
3073,114.2632914,22.33537354,3
3074,114.2633032,22.33528059,3
3075,114.2633032,22.33524341,3
3076,114.263308,22.33511328,3
3077,114.263289,22.33505752,3
3078,114.2632961,22.33505752,3
3079,114.2633056,22.33505752,3
3080,114.2633483,22.33624724,3
3081,114.2633578,22.33624724,3
3082,114.2633269,22.33628442,3
3083,114.2633269,22.33624724,3
3084,114.2633269,22.3361357,3
3085,114.2633269,22.33609852,3
3086,114.2633269,22.33607993,3
3087,114.2633269,22.3359684,3
3088,114.2633269,22.33593122,3
3089,114.2633269,22.33589404,3
3090,114.2633269,22.33581968,3
3091,114.2633269,22.3357825,3
3092,114.2633269,22.33570815,3
3093,114.2633269,22.33567097,3
3094,114.2633269,22.33563379,3
3095,114.2633269,22.33555943,3
3096,114.2633269,22.33552225,3
3097,114.2633483,22.3354293,3
3098,114.263372,22.33557802,3
3099,114.263372,22.33565238,3
3100,114.2633672,22.3356152,3
3101,114.2633672,22.33565238,3
3102,114.2633886,22.33624724,3
3103,114.2634146,22.33624724,3
3104,114.2634146,22.33621006,3
3105,114.2634146,22.3361357,3
3106,114.2634146,22.33607993,3
3107,114.2634146,22.33607993,3
3108,114.2634146,22.3359684,3
3109,114.2634146,22.33589404,3
3110,114.2634146,22.33593122,3
3111,114.2634146,22.33581968,3
3112,114.2634146,22.3357825,3
3113,114.2634146,22.33570815,3
3114,114.2634146,22.33567097,3
3115,114.2634146,22.33563379,3
3116,114.2634146,22.33555943,3
3117,114.2634146,22.33552225,3
3118,114.2633981,22.33544789,3
3119,114.2634052,22.33544789,3
3120,114.2634146,22.3354293,3
3121,114.2634146,22.33531777,3
3122,114.2634194,22.33531777,3
3123,114.2634289,22.33528059,3
3124,114.2634431,22.33528059,3
3125,114.2634478,22.33528059,3
3126,114.2634644,22.33528059,3
3127,114.2634478,22.33537354,3
3128,114.2634478,22.33541072,3
3129,114.2634549,22.33541072,3
3130,114.2634549,22.33539213,3
3131,114.2634502,22.33537354,3
3132,114.2634739,22.33528059,3
3133,114.2634881,22.33544789,3
3134,114.2634881,22.3354293,3
3135,114.2634786,22.33528059,3
3136,114.2634692,22.33528059,3
3137,114.2634834,22.33528059,3
3138,114.2634881,22.33528059,3
3139,114.2634881,22.33529918,3
3140,114.2634929,22.33541072,3
3141,114.2634929,22.3354293,3
3142,114.2635118,22.33531777,3
3143,114.2635213,22.33531777,3
3144,114.2635261,22.33541072,3
3145,114.2635261,22.33544789,3
3146,114.2635284,22.33544789,3
3147,114.2635284,22.33541072,3
3148,114.2635261,22.33531777,3
3149,114.2635355,22.33531777,3
3150,114.2635592,22.335262,3
3151,114.2635592,22.33522482,3
3152,114.2635592,22.3350947,3
3153,114.2635592,22.33505752,3
3154,114.2635592,22.33494598,3
3155,114.2635616,22.33494598,3
3156,114.263564,22.33494598,3
3157,114.2635758,22.33494598,3
3158,114.2635592,22.33541072,3
3159,114.2635901,22.33544789,3
3160,114.2635901,22.33531777,3
3161,114.2636043,22.33544789,3
3162,114.2636043,22.33557802,3
3163,114.2636043,22.33565238,3
3164,114.2636019,22.33565238,3
3165,114.2636019,22.3356152,3
3166,114.2635592,22.33541072,3
3167,114.2635592,22.33544789,3
3168,114.2635592,22.33554084,3
3169,114.2635592,22.33559661,3
3170,114.2635664,22.33559661,3
3171,114.2635664,22.33563379,3
3172,114.2635592,22.33570815,3
3173,114.2635592,22.33574532,3
3174,114.2635664,22.33581968,3
3175,114.2635592,22.33585686,3
3176,114.2635592,22.33591263,3
3177,114.2635664,22.3359684,3
3178,114.2635758,22.33581968,3
3179,114.2635592,22.33600558,3
3180,114.2635592,22.33606134,3
3181,114.2635758,22.33609852,3
3182,114.263564,22.3361357,3
3183,114.2635758,22.3361357,3
3184,114.2635592,22.33617288,3
3185,114.2635592,22.33621006,3
3186,114.2635664,22.33624724,3
3187,114.2635853,22.33624724,3
3188,114.2635901,22.33624724,3
3189,114.2636232,22.33624724,3
3190,114.2636422,22.33624724,3
3191,114.2636493,22.33624724,3
3192,114.2636493,22.33617288,3
3193,114.2636422,22.3361357,3
3194,114.2636327,22.3361357,3
3195,114.2636327,22.33609852,3
3196,114.2636422,22.33609852,3
3197,114.2636493,22.33604275,3
3198,114.2636493,22.33600558,3
3199,114.2636375,22.3359684,3
3200,114.2636446,22.3359684,3
3201,114.2636493,22.33589404,3
3202,114.2636493,22.33585686,3
3203,114.2636351,22.33581968,3
3204,114.2636327,22.33581968,3
3205,114.2636446,22.33581968,3
3206,114.2636493,22.33574532,3
3207,114.2636493,22.33570815,3
3208,114.2636446,22.33563379,3
3209,114.2636327,22.33563379,3
3210,114.2636327,22.33559661,3
3211,114.2636446,22.33559661,3
3212,114.2636493,22.33559661,3
3213,114.2636493,22.33554084,3
3214,114.2636185,22.33544789,3
3215,114.2636185,22.33529918,3
3216,114.2636493,22.33520623,3
3217,114.2636493,22.33492739,3
3218,114.2636493,22.33494598,3
3219,114.2636493,22.33505752,3
3220,114.2636493,22.3350947,3
3221,114.2636493,22.33520623,3
3222,114.2636493,22.33524341,3
3223,114.263673,22.33531777,3
3224,114.2636801,22.33541072,3
3225,114.2636801,22.3354293,3
3226,114.2636825,22.3354293,3
3227,114.2636825,22.33541072,3
3228,114.2636778,22.33531777,3
3229,114.2636872,22.33531777,3
3230,114.2636967,22.33531777,3
3231,114.2637204,22.33541072,3
3232,114.2637204,22.3354293,3
3233,114.2637204,22.33548507,3
3234,114.2637204,22.33524341,3
3235,114.2637204,22.33520623,3
3236,114.2637228,22.33520623,3
3237,114.2637228,22.33524341,3
3238,114.2637204,22.33541072,3
3239,114.2637204,22.3354293,3
3240,114.2637465,22.33531777,3
3241,114.263756,22.33531777,3
3242,114.2637655,22.33531777,3
3243,114.2637584,22.33539213,3
3244,114.2637584,22.3354293,3
3245,114.2637607,22.3354293,3
3246,114.2637607,22.33539213,3
3247,114.2637702,22.33531777,3
3248,114.2637939,22.33524341,3
3249,114.2637939,22.33520623,3
3250,114.2637939,22.3350947,3
3251,114.2637939,22.33505752,3
3252,114.2637939,22.33494598,3
3253,114.2637939,22.33492739,3
3254,114.2637987,22.33492739,3
3255,114.2638105,22.33494598,3
3256,114.2638105,22.33498316,3
3257,114.2637987,22.33498316,3
3258,114.2637963,22.33520623,3
3259,114.2638176,22.33544789,3
3260,114.2637939,22.33529918,3
3261,114.2638224,22.33524341,3
3262,114.2638366,22.33524341,3
3263,114.2638437,22.33520623,3
3264,114.2638366,22.33531777,3
3265,114.2638413,22.33544789,3
3266,114.2638342,22.33557802,3
3267,114.2638342,22.33563379,3
3268,114.263839,22.33563379,3
3269,114.263839,22.3356152,3
3270,114.2637939,22.33539213,3
3271,114.2637939,22.33544789,3
3272,114.2637987,22.33567097,3
3273,114.2637939,22.33555943,3
3274,114.2637939,22.33563379,3
3275,114.2637939,22.33567097,3
3276,114.2637987,22.33581968,3
3277,114.2637939,22.3357825,3
3278,114.2637939,22.33581968,3
3279,114.2637987,22.33606134,3
3280,114.2637939,22.33589404,3
3281,114.2637939,22.33600558,3
3282,114.2637939,22.33606134,3
3283,114.2638034,22.33624724,3
3284,114.2637939,22.33617288,3
3285,114.2637939,22.33624724,3
3286,114.2638081,22.33624724,3
3287,114.2638224,22.33624724,3
3288,114.2638793,22.33624724,3
3289,114.2638816,22.3363216,3
3290,114.2638816,22.33628442,3
3291,114.2638816,22.33621006,3
3292,114.2638816,22.33611711,3
3293,114.2638816,22.33609852,3
3294,114.2638769,22.33609852,3
3295,114.2638745,22.33609852,3
3296,114.2638816,22.33593122,3
3297,114.2638816,22.33585686,3
3298,114.2638721,22.33585686,3
3299,114.2638769,22.3357825,3
3300,114.2638769,22.33570815,3
3301,114.2638721,22.33570815,3
3302,114.2638769,22.33563379,3
3303,114.2638674,22.33563379,3
3304,114.2638769,22.33544789,3
3305,114.2638769,22.33516905,3
3306,114.2638721,22.3350947,3
3307,114.2638674,22.33498316,3
3308,114.2638793,22.33516905,3
3309,114.2638816,22.3349088,3
3310,114.2638816,22.33498316,3
3311,114.2638769,22.33505752,3
3312,114.2638816,22.3350947,3
3313,114.2638793,22.33522482,3
3314,114.2638793,22.33529918,3
3315,114.2638958,22.33537354,3
3316,114.2639148,22.33524341,3
3317,114.2639196,22.33529918,3
3318,114.2639243,22.33529918,3
3319,114.2639148,22.33529918,3
3320,114.2639243,22.33529918,3
3321,114.263929,22.33529918,3
3322,114.2639385,22.33529918,3
3323,114.2639433,22.33529918,3
3324,114.2639575,22.33524341,3
3325,114.2639575,22.33529918,3
3326,114.2639622,22.33544789,3
3327,114.2639646,22.33544789,3
3328,114.2639575,22.33524341,3
3329,114.2639693,22.33529918,3
3330,114.2639859,22.33522482,3
3331,114.2639836,22.33529918,3
3332,114.2639883,22.33529918,3
3333,114.2639883,22.33535495,3
3334,114.2639883,22.33529918,3
3335,114.264012,22.33529918,3
3336,114.2640262,22.33535495,3
3337,114.264031,22.33533636,3
3338,114.2640736,22.33546648,3
3339,114.264076,22.335262,3
3340,114.2640784,22.33535495,3
3341,114.2640807,22.33537354,3
3342,114.2640807,22.33544789,3
3343,114.2640736,22.33555943,3
3344,114.2640736,22.33563379,3
3345,114.2640736,22.33572674,3
3346,114.2640736,22.33559661,3
3347,114.2640357,22.33567097,3
3348,114.264031,22.33559661,3
3349,114.264031,22.33567097,3
3350,114.264031,22.3357825,3
3351,114.264031,22.33606134,3
3352,114.264031,22.3361357,3
3353,114.264031,22.33624724,3
3354,114.264057,22.33637736,3
3355,114.2640357,22.33645172,3
3356,114.2640452,22.33699081,3
3357,114.2640049,22.33713953,3
3358,114.2640049,22.33708376,3
3359,114.2640167,22.33699081,3
3360,114.263967,22.33645172,3
3361,114.263929,22.33645172,3
3362,114.263929,22.33699081,3
3363,114.263903,22.33708376,3
3364,114.263903,22.33784593,3
3365,114.2639124,22.33784593,3
3366,114.263903,22.33803182,3
3367,114.2638318,22.33702799,3
3368,114.2637584,22.33784593,3
3369,114.2637607,22.33786452,3
3370,114.2637607,22.33851515,3
3371,114.2632535,22.33645172,3
3372,114.2633269,22.33667479,3
3373,114.2633175,22.33667479,3
3374,114.263334,22.33676774,3
3375,114.2633412,22.33674915,3
3376,114.2633483,22.33678633,3
3377,114.2633554,22.33682351,3
3378,114.2633625,22.33686069,3
3379,114.2633696,22.33689787,3
3380,114.2633767,22.33693505,3
3381,114.2633838,22.33697223,3
3382,114.2633815,22.33715812,3
3383,114.2634478,22.33762285,3
3384,114.2634383,22.33762285,3
3385,114.2634383,22.33767862,3
3386,114.2634526,22.33779016,3
3387,114.2634431,22.33780875,3
3388,114.2634455,22.33786452,3
3389,114.2634502,22.33792028,3
3390,114.2634502,22.338069,3
3391,114.2634549,22.338069,3
3392,114.2634763,22.33834784,3
3393,114.2633696,22.33645172,3
3394,114.2634834,22.33699081,3
3395,114.2634881,22.33691646,3
3396,114.2635355,22.33691646,3
3397,114.2635355,22.33678633,3
3398,114.2635355,22.33674915,3
3399,114.2634526,22.33708376,3
3400,114.2635095,22.33699081,3
3401,114.2635284,22.33712094,3
3402,114.2635308,22.33712094,3
3403,114.2634739,22.33645172,3
3404,114.2634881,22.33643313,3
3405,114.2635142,22.33645172,3
3406,114.2635355,22.3364889,3
3407,114.2635498,22.33645172,3
3408,114.2635758,22.33645172,3
3409,114.2635545,22.33652608,3
3410,114.2635948,22.33645172,3
3411,114.2636043,22.33656326,3
3412,114.2636138,22.33645172,3
3413,114.2636327,22.33645172,3
3414,114.2635498,22.33699081,3
3415,114.2635948,22.33699081,3
3416,114.2636327,22.33699081,3
3417,114.2636517,22.33699081,3
3418,114.2636896,22.33645172,3
3419,114.263692,22.33660044,3
3420,114.2637157,22.33645172,3
3421,114.2637157,22.33660044,3
3422,114.2637157,22.33663762,3
3423,114.2637252,22.33656326,3
3424,114.2637465,22.33645172,3
3425,114.2637489,22.33660044,3
3426,114.263775,22.33645172,3
3427,114.2638058,22.33645172,3
3428,114.2638318,22.33645172,3
3429,114.2638674,22.33645172,3
3430,114.2638911,22.33656326,3
3431,114.2636967,22.33699081,3
3432,114.2636801,22.33708376,3
3433,114.2636991,22.33687928,3
3434,114.2637157,22.33699081,3
3435,114.2637347,22.33699081,3
3436,114.2637418,22.33702799,3
3437,114.2637607,22.33708376,3
3438,114.2637607,22.33712094,3
3439,114.2637678,22.33699081,3
3440,114.2638034,22.33699081,3
3441,114.2638318,22.33699081,3
3442,114.2638793,22.33699081,3
3443,114.2635379,22.33862668,3
3444,114.2635498,22.33862668,3
3445,114.2635592,22.33862668,3
3446,114.2635403,22.33862668,3
3447,114.2635592,22.33844079,3
3448,114.2635498,22.33844079,3
3449,114.263564,22.33832925,3
3450,114.2635711,22.33832925,3
3451,114.2635403,22.33825489,3
3452,114.2635403,22.33851515,3
3453,114.2635355,22.33801323,3
3454,114.2635261,22.33784593,3
3455,114.2635213,22.33784593,3
3456,114.263609,22.33855232,3
3457,114.2636138,22.33855232,3
3458,114.2636138,22.33851515,3
3459,114.2636138,22.338069,3
3460,114.2635948,22.338069,3
3461,114.2635948,22.338069,3
3462,114.2636683,22.33853374,3
3463,114.2636683,22.33855232,3
3464,114.2636683,22.33825489,3
3465,114.2636185,22.338069,3
3466,114.2636683,22.33851515,3
3467,114.2636683,22.33801323,3
3468,114.2636801,22.33786452,3
3469,114.2636801,22.33784593,3
3470,114.2636398,22.338069,3
3471,114.2636683,22.33779016,3
3472,114.263609,22.338069,3
3473,114.2635355,22.33799464,3
3474,114.2635498,22.33767862,3
3475,114.263609,22.33749273,3
3476,114.2636375,22.33749273,3
3477,114.2635474,22.33767862,3
3478,114.263609,22.33747414,3
3479,114.2635545,22.33743696,3
3480,114.2635711,22.3373626,3
3481,114.2635498,22.33743696,3
3482,114.2635877,22.33699081,3
3483,114.2635995,22.33699081,3
3484,114.2632013,22.33537354,3
3485,114.26318,22.33572674,3
3486,114.26318,22.33621006,3
3487,114.2631847,22.33645172,3
3488,114.2631847,22.33673056,3
3489,114.2631681,22.33678633,3
3490,114.263225,22.33537354,3
3491,114.2632558,22.33537354,3
3492,114.2632748,22.33537354,3
3493,114.2633056,22.33537354,3
3494,114.2633056,22.3354293,3
3495,114.2633269,22.3354293,3
3496,114.263372,22.3354293,3
3497,114.2635592,22.3359684,3
3498,114.2635592,22.3361357,3
3499,114.2635592,22.33624724,3
3500,114.2631681,22.33695364,3
3501,114.2630614,22.33751132,3
3502,114.2630638,22.33762285,3
3503,114.2633269,22.33645172,3
3504,114.2634289,22.33531777,3
3505,114.2634929,22.33531777,3
3506,114.2635592,22.33531777,3
3507,114.2635592,22.33581968,3
3508,114.2636493,22.3361357,3
3509,114.2636493,22.33609852,3
3510,114.2636493,22.3359684,3
3511,114.2636493,22.33581968,3
3512,114.2636493,22.33563379,3
3513,114.2636493,22.33544789,3
3514,114.2636493,22.33541072,3
3515,114.2636493,22.33531777,3
3516,114.2636801,22.33531777,3
3517,114.2637204,22.33531777,3
3518,114.2637584,22.33531777,3
3519,114.2637939,22.33531777,3
3520,114.2638342,22.33544789,3
3521,114.2638793,22.33537354,3
3522,114.2639622,22.33529918,3
3523,114.264012,22.33546648,3
3524,114.264031,22.33546648,3
3525,114.2640499,22.33546648,3
3526,114.2640499,22.33606134,3
3527,114.264057,22.33624724,3
3528,114.264057,22.33645172,3
3529,114.2640239,22.33645172,3
3530,114.2640239,22.33699081,3
3531,114.2640049,22.33699081,3
3532,114.263903,22.33699081,3
3533,114.2638508,22.33624724,3
3534,114.2638508,22.33645172,3
3535,114.2638911,22.33645172,3
3536,114.2636683,22.33645172,3
3537,114.2636683,22.33699081,3
3538,114.2635355,22.33645172,3
3539,114.2635355,22.33699081,3
3540,114.2635355,22.33712094,3
3541,114.2635355,22.33743696,3
3542,114.2635355,22.33784593,3
3543,114.2635355,22.338069,3
3544,114.2636683,22.338069,3
3545,114.2636683,22.33784593,3
4452,114.2630633,22.33773439,4
4000,114.2630633,22.33773439,4
4001,114.2630633,22.33773439,4
4002,114.2630633,22.33773439,4
4003,114.2630633,22.33773439,4
4004,114.2630703,22.3375485,4
4005,114.2631753,22.33673056,4
4006,114.2631753,22.33673056,4
4007,114.2631753,22.33673056,4
4008,114.2631753,22.33673056,4
4009,114.2631753,22.33673056,4
4010,114.2631753,22.33673056,4
4011,114.2631753,22.33673056,4
4012,114.2632057,22.33660044,4
4013,114.2632057,22.33660044,4
4014,114.263208,22.33669338,4
4015,114.2632383,22.33676774,4
4016,114.2632873,22.33676774,4
4017,114.2633013,22.33663762,4
4018,114.263341,22.33669338,4
4019,114.2633457,22.33673056,4
4020,114.2633737,22.33702799,4
4021,114.2633737,22.33702799,4
4022,114.263418,22.33741837,4
4023,114.263432,22.33743696,4
4024,114.2634343,22.33747414,4
4025,114.2634343,22.33751132,4
4026,114.2633737,22.33639595,4
4027,114.2633737,22.33639595,4
4028,114.2633947,22.33639595,4
4029,114.2634133,22.33639595,4
4030,114.2634157,22.33674915,4
4031,114.263397,22.33674915,4
4032,114.2633947,22.33676774,4
4033,114.2634157,22.33687928,4
4034,114.2634297,22.33699081,4
4035,114.2634437,22.33699081,4
4036,114.263432,22.33699081,4
4037,114.263432,22.33699081,4
4038,114.2634437,22.33639595,4
4039,114.2634833,22.33699081,4
4040,114.2634833,22.33699081,4
4041,114.2634833,22.33699081,4
4042,114.2634647,22.33639595,4
4043,114.2635067,22.33699081,4
4044,114.2635067,22.33695364,4
4045,114.2635067,22.33695364,4
4046,114.2634973,22.33639595,4
4047,114.2635393,22.33639595,4
4048,114.2635393,22.33671197,4
4049,114.2635603,22.33639595,4
4050,114.2635603,22.33639595,4
4051,114.2635767,22.33639595,4
4052,114.2635767,22.33639595,4
4053,114.2635767,22.33639595,4
4054,114.2635767,22.33639595,4
4055,114.2635767,22.33639595,4
4056,114.2636187,22.33639595,4
4057,114.2636513,22.33671197,4
4058,114.263656,22.33671197,4
4059,114.2636747,22.33671197,4
4060,114.2636887,22.33671197,4
4061,114.2637027,22.33671197,4
4062,114.263705,22.33671197,4
4063,114.263705,22.33639595,4
4064,114.2637213,22.33671197,4
4065,114.2637283,22.33671197,4
4066,114.2637423,22.33671197,4
4067,114.2637447,22.33671197,4
4068,114.263761,22.33671197,4
4069,114.263761,22.33671197,4
4070,114.2637563,22.33639595,4
4071,114.2637843,22.33699081,4
4072,114.2637797,22.33671197,4
4073,114.263775,22.33671197,4
4074,114.263775,22.33639595,4
4075,114.263789,22.33671197,4
4076,114.2637913,22.33639595,4
4077,114.2637937,22.33671197,4
4078,114.26381,22.33671197,4
4079,114.263817,22.33671197,4
4080,114.2638147,22.33639595,4
4081,114.263831,22.33671197,4
4082,114.2638403,22.33671197,4
4083,114.2638707,22.33671197,4
4084,114.2638777,22.33671197,4
4085,114.2638847,22.33671197,4
4086,114.2638847,22.33639595,4
4453,114.263901,22.33639595,4
4087,114.263901,22.33639595,4
4088,114.263901,22.33639595,4
4089,114.263971,22.33639595,4
4090,114.264048,22.33673056,4
4091,114.264048,22.33673056,4
4092,114.263551,22.33847797,4
4093,114.2635743,22.33847797,4
4094,114.2635743,22.33847797,4
4095,114.2636,22.33847797,4
4096,114.2636327,22.33847797,4
4097,114.2636583,22.33847797,4
4098,114.2636583,22.33847797,4
4099,114.2635393,22.33836643,4
4100,114.2635393,22.33805041,4
4101,114.2635977,22.33816195,4
4102,114.2636,22.33816195,4
4103,114.26367,22.33812477,4
4104,114.2636327,22.33816195,4
4105,114.2636583,22.33816195,4
4106,114.2636583,22.33758568,4
4107,114.263628,22.33758568,4
4108,114.26367,22.33743696,4
4109,114.2636,22.33758568,4
4110,114.2635953,22.33758568,4
4111,114.2635697,22.33758568,4
4112,114.2635697,22.33758568,4
4113,114.2635697,22.33758568,4
4114,114.2635697,22.33758568,4
4115,114.2635697,22.33758568,4
4116,114.2635697,22.33758568,4
4117,114.2635393,22.33739978,4
4118,114.2635393,22.33739978,4
4119,114.2635393,22.33739978,4
4120,114.2635813,22.33758568,4
4121,114.2635603,22.33758568,4
4122,114.263586,22.33758568,4
4123,114.2635393,22.33726966,4
4124,114.2635393,22.33726966,4
4125,114.2635977,22.33699081,4
4126,114.2636303,22.33699081,4
4127,114.2636303,22.33699081,4
4128,114.263901,22.33853374,4
4129,114.263901,22.33853374,4
4130,114.263901,22.33853374,4
4131,114.263901,22.33853374,4
4132,114.2637703,22.3379017,4
4133,114.2637703,22.3379017,4
4134,114.2637703,22.3379017,4
4135,114.2639033,22.33845938,4
4136,114.2639033,22.33845938,4
4137,114.2639033,22.33845938,4
4138,114.2639033,22.33845938,4
4139,114.2639033,22.33792028,4
4140,114.2639033,22.33792028,4
4141,114.2639033,22.33792028,4
4142,114.2639033,22.33758568,4
4143,114.263775,22.33732542,4
4144,114.2637703,22.33732542,4
4145,114.2637703,22.33732542,4
4146,114.2637703,22.33726966,4
4147,114.2637703,22.33726966,4
4148,114.2637703,22.33726966,4
4149,114.2637703,22.33726966,4
4150,114.263901,22.33732542,4
4151,114.263901,22.33732542,4
4152,114.263901,22.33732542,4
4153,114.2631753,22.33639595,4
4154,114.2631917,22.33630301,4
4454,114.2631917,22.33607993,4
4155,114.2631917,22.33607993,4
4156,114.2631917,22.33607993,4
4157,114.2631917,22.33607993,4
4158,114.2631917,22.33607993,4
4455,114.2631917,22.33580109,4
4159,114.2631917,22.33580109,4
4160,114.2631917,22.33580109,4
4161,114.2631917,22.33550366,4
4162,114.2631823,22.33529918,4
4163,114.2631777,22.33529918,4
4164,114.2631683,22.33529918,4
4165,114.2631613,22.33528059,4
4166,114.2631613,22.33528059,4
4167,114.2631613,22.33528059,4
4168,114.2631613,22.33528059,4
4169,114.2632033,22.33513187,4
4170,114.2632337,22.33529918,4
4171,114.2632453,22.33529918,4
4172,114.2632103,22.33529918,4
4173,114.263215,22.33529918,4
4174,114.2632313,22.33529918,4
4175,114.263236,22.33529918,4
4176,114.2632453,22.33529918,4
4177,114.26325,22.33529918,4
4178,114.2632547,22.33529918,4
4179,114.2632453,22.33529918,4
4180,114.2632687,22.33529918,4
4181,114.2632687,22.33529918,4
4182,114.2632733,22.33529918,4
4183,114.263278,22.33529918,4
4184,114.2632453,22.33529918,4
4185,114.2632453,22.33529918,4
4186,114.2632897,22.33529918,4
4187,114.2632943,22.33529918,4
4188,114.2633037,22.33513187,4
4189,114.2633037,22.33515046,4
4190,114.2633037,22.335262,4
4191,114.2633037,22.33531777,4
4192,114.263334,22.33537354,4
4193,114.263348,22.33537354,4
4194,114.263348,22.33537354,4
4195,114.2633713,22.33537354,4
4196,114.2633177,22.3356152,4
4197,114.2633177,22.33565238,4
4198,114.2633177,22.33591263,4
4199,114.2633177,22.33591263,4
4200,114.2633177,22.33591263,4
4201,114.2633177,22.33591263,4
4202,114.2633177,22.33591263,4
4203,114.2633177,22.33591263,4
4204,114.2633177,22.3361357,4
4205,114.2633527,22.33619147,4
4206,114.2633527,22.33619147,4
4207,114.2633923,22.33619147,4
4208,114.2633853,22.33537354,4
4209,114.2633853,22.33537354,4
4210,114.2634157,22.33544789,4
4211,114.2634157,22.33550366,4
4212,114.2634157,22.33550366,4
4213,114.2634157,22.33544789,4
4214,114.2634203,22.33537354,4
4215,114.2634203,22.335262,4
4216,114.2634203,22.33522482,4
4217,114.2634203,22.33522482,4
4218,114.2634437,22.33518764,4
4219,114.2634437,22.33515046,4
4220,114.2634437,22.33515046,4
4221,114.2634437,22.33518764,4
4222,114.2634483,22.33533636,4
4223,114.2634483,22.33539213,4
4224,114.2634483,22.33539213,4
4225,114.2634483,22.33533636,4
4226,114.2634623,22.335262,4
4227,114.263488,22.33533636,4
4228,114.263488,22.33539213,4
4229,114.263488,22.33520623,4
4230,114.263488,22.33515046,4
4231,114.263488,22.33515046,4
4232,114.263488,22.33520623,4
4233,114.263488,22.33531777,4
4234,114.263488,22.33537354,4
4235,114.2634647,22.335262,4
4236,114.263523,22.335262,4
4237,114.2635277,22.33533636,4
4238,114.2635277,22.33539213,4
4239,114.2635277,22.33539213,4
4240,114.2635277,22.33533636,4
4241,114.2635323,22.335262,4
4242,114.263537,22.335262,4
4243,114.2635603,22.33520623,4
4244,114.2635603,22.33515046,4
4245,114.2635603,22.33503893,4
4246,114.2635603,22.33500175,4
4247,114.2635603,22.33489021,4
4248,114.2635603,22.33487162,4
4249,114.263565,22.33487162,4
4250,114.2635743,22.33487162,4
4251,114.2635743,22.3349088,4
4252,114.263565,22.33492739,4
4253,114.2635907,22.33533636,4
4254,114.2635907,22.33533636,4
4255,114.2635907,22.33533636,4
4256,114.2635907,22.33539213,4
4257,114.2635603,22.33533636,4
4258,114.2635603,22.33539213,4
4259,114.2635603,22.33548507,4
4260,114.2635603,22.33557802,4
4261,114.2635603,22.3356152,4
4262,114.2635603,22.33565238,4
4263,114.2635603,22.33568956,4
4264,114.2635603,22.33580109,4
4265,114.2635603,22.33581968,4
4266,114.2635603,22.33583827,4
4267,114.2635603,22.33594981,4
4268,114.2635603,22.33598699,4
4269,114.2635603,22.33600558,4
4270,114.2635603,22.33617288,4
4271,114.2635697,22.33621006,4
4272,114.2635767,22.33621006,4
4273,114.2636257,22.33621006,4
4274,114.2636257,22.33606134,4
4275,114.2636257,22.33602417,4
4276,114.2636257,22.33565238,4
4277,114.2636257,22.3356152,4
4278,114.2636187,22.33533636,4
4279,114.2636187,22.33533636,4
4280,114.2636187,22.33533636,4
4281,114.2636443,22.33487162,4
4282,114.2636327,22.33487162,4
4283,114.2636327,22.33487162,4
4284,114.263642,22.33487162,4
4285,114.263649,22.33487162,4
4286,114.263649,22.33489021,4
4287,114.263649,22.33498316,4
4288,114.263649,22.33503893,4
4289,114.263649,22.33513187,4
4290,114.263649,22.33518764,4
4291,114.263649,22.33533636,4
4292,114.263649,22.33539213,4
4293,114.2636723,22.335262,4
4294,114.2636817,22.33533636,4
4295,114.2636817,22.33539213,4
4296,114.2636817,22.33539213,4
4297,114.2636817,22.33533636,4
4298,114.2636817,22.335262,4
4299,114.2636887,22.335262,4
4300,114.263698,22.335262,4
4301,114.2637213,22.33539213,4
4302,114.2637213,22.33539213,4
4303,114.2637213,22.33518764,4
4304,114.2637213,22.33515046,4
4305,114.2637213,22.33515046,4
4306,114.2637213,22.33518764,4
4307,114.2637213,22.33533636,4
4308,114.2637213,22.33539213,4
4309,114.263747,22.335262,4
4310,114.2637563,22.335262,4
4311,114.2637587,22.335262,4
4312,114.263761,22.33533636,4
4313,114.263761,22.33546648,4
4314,114.263761,22.33546648,4
4315,114.263761,22.33533636,4
4316,114.2637703,22.335262,4
4317,114.2637937,22.33518764,4
4318,114.2637937,22.33515046,4
4319,114.2637937,22.33503893,4
4320,114.2637937,22.33500175,4
4321,114.2637937,22.33487162,4
4322,114.263796,22.33487162,4
4323,114.2638007,22.33487162,4
4324,114.26381,22.33487162,4
4325,114.26381,22.33487162,4
4326,114.2637983,22.33487162,4
4327,114.2637937,22.33511328,4
4492,114.2638007,22.33537354,4
4328,114.2638007,22.33537354,4
4329,114.2637937,22.33533636,4
4330,114.2637937,22.33537354,4
4331,114.2638007,22.33537354,4
4332,114.2638007,22.33537354,4
4333,114.2638007,22.33537354,4
4334,114.2638007,22.33537354,4
4335,114.2638427,22.33522482,4
4336,114.2638427,22.33539213,4
4337,114.2638427,22.33522482,4
4338,114.2638427,22.33537354,4
4339,114.263817,22.33619147,4
4340,114.263817,22.33565238,4
4341,114.263817,22.33565238,4
4342,114.2638193,22.33619147,4
4343,114.263859,22.33619147,4
4344,114.263859,22.33609852,4
4345,114.263859,22.33593122,4
4346,114.263873,22.33589404,4
4347,114.263859,22.33557802,4
4348,114.263859,22.33557802,4
4349,114.2638823,22.33533636,4
4350,114.26388,22.33589404,4
4351,114.2638683,22.33557802,4
4352,114.2638683,22.33557802,4
4353,114.2638683,22.33557802,4
4354,114.2638823,22.33513187,4
4355,114.26388,22.33513187,4
4356,114.26388,22.33513187,4
4357,114.26388,22.33513187,4
4358,114.26388,22.33513187,4
4359,114.26388,22.33513187,4
4360,114.2639127,22.33529918,4
4361,114.263922,22.33529918,4
4362,114.263915,22.33529918,4
4363,114.2639313,22.33529918,4
4364,114.2639617,22.33529918,4
4365,114.2639617,22.33529918,4
4366,114.2639617,22.33529918,4
4367,114.2639617,22.33529918,4
4368,114.2639617,22.33529918,4
4369,114.2639617,22.33529918,4
4370,114.2639617,22.33529918,4
4371,114.2639943,22.335262,4
4372,114.264048,22.33546648,4
4373,114.264048,22.33576391,4
4374,114.264048,22.33611711,4
4376,114.2633923,22.33591263,4
4377,114.263817,22.33565238,4
4378,114.263439,22.33758568,4
4379,114.263313,22.33663762,4
4380,114.263187,22.33658185,4
4381,114.2630633,22.33760426,4
4382,114.2633037,22.33502034,4
4383,114.2633037,22.33502034,4
4384,114.2633037,22.33502034,4
4385,114.2633713,22.33555943,4
4386,114.2633713,22.33555943,4
4387,114.26353,22.33708376,4
4388,114.2635253,22.33782734,4
4389,114.2636817,22.33784593,4
4390,114.263761,22.33708376,4
4391,114.263761,22.33782734,4
4392,114.2639173,22.33784593,4
4393,114.2636047,22.33554084,4
4394,114.2636047,22.33554084,4
4395,114.2638427,22.33554084,4
4396,114.2638427,22.33554084,4
4397,114.2638823,22.33518764,4
4398,114.2638823,22.33518764,4
4399,114.2640807,22.33554084,4
4400,114.2640807,22.33554084,4
4401,114.2640083,22.33713953,4
4402,114.2632033,22.33503893,4
4403,114.2633107,22.33502034,4
4404,114.2633713,22.33555943,4
4405,114.2633853,22.33619147,4
4406,114.263488,22.33537354,4
4407,114.263488,22.33639595,4
4408,114.2636093,22.33621006,4
4409,114.2636047,22.33554084,4
4410,114.2637213,22.33533636,4
4411,114.263719,22.33639595,4
4412,114.263852,22.33619147,4
4413,114.2638427,22.33557802,4
4414,114.2638823,22.33515046,4
4415,114.2639617,22.33539213,4
4416,114.263957,22.33639595,4
4417,114.2640737,22.33554084,4
4418,114.2640853,22.33619147,4
4419,114.2630633,22.33767862,4
4420,114.2631847,22.33669338,4
4421,114.2633247,22.33669338,4
4422,114.263446,22.33766003,4
4423,114.2634553,22.33697223,4
4424,114.26353,22.33708376,4
4425,114.2635253,22.33786452,4
4426,114.2636793,22.33708376,4
4427,114.2636817,22.33786452,4
4428,114.263761,22.33786452,4
4429,114.263761,22.33706517,4
4430,114.2639033,22.33708376,4
4431,114.2639173,22.33784593,4
4432,114.2640083,22.33695364,4
4433,114.2639033,22.33849656,4
4434,114.2637703,22.33849656,4
4435,114.26367,22.33845938,4
4436,114.2634763,22.33829207,4
4437,114.2635393,22.33851515,4
4438,114.2633713,22.33559661,4
4439,114.2638427,22.33559661,4
4440,114.2640737,22.33565238,4
4441,114.263194,22.33682351,4
4442,114.263439,22.33764144,4
4443,114.2635393,22.33801323,4
4444,114.2637423,22.33699081,4
4445,114.2639033,22.33801323,4
4446,114.2632033,22.33503893,4
4447,114.2633153,22.33680492,4
4448,114.263509,22.33699081,4
4449,114.26367,22.33801323,4
4450,114.2637633,22.33801323,4
4451,114.263978,22.33699081,4
4486,114.2636047,22.33559661,4
4499,114.2639617,22.33537354,4
4456,114.2630703,22.33760426,4
4457,114.2631893,22.33667479,4
4458,114.2632057,22.33663762,4
4459,114.263208,22.33676774,4
4460,114.2633013,22.33676774,4
4461,114.2633153,22.33669338,4
4462,114.2633387,22.33674915,4
4463,114.2633387,22.33691646,4
4464,114.263369,22.33706517,4
4465,114.2634133,22.33747414,4
4466,114.2633293,22.33639595,4
4467,114.2631917,22.33639595,4
4468,114.2631917,22.33529918,4
4469,114.2632033,22.33529918,4
4470,114.2633037,22.33529918,4
4471,114.2633037,22.33537354,4
4472,114.2633177,22.33537354,4
4473,114.2633177,22.33619147,4
4474,114.2633923,22.33537354,4
4475,114.2634157,22.33537354,4
4476,114.2634203,22.33537354,4
4477,114.2634437,22.335262,4
4478,114.2634483,22.335262,4
4479,114.263488,22.335262,4
4480,114.2635277,22.335262,4
4481,114.2635603,22.335262,4
4482,114.2635603,22.33621006,4
4483,114.2636233,22.33539213,4
4484,114.2635907,22.33539213,4
4485,114.2636187,22.33539213,4
4487,114.263649,22.335262,4
4488,114.2636817,22.335262,4
4489,114.2637213,22.335262,4
4490,114.263761,22.335262,4
4491,114.2637937,22.335262,4
4493,114.263817,22.33537354,4
4494,114.263859,22.33589404,4
4495,114.263859,22.33539213,4
4496,114.2638427,22.33539213,4
4497,114.2638823,22.33539213,4
4498,114.2638823,22.33529918,4
4500,114.2640807,22.3354293,4
4501,114.264048,22.3354293,4
4502,114.2635393,22.33639595,4
4503,114.2636397,22.33639595,4
4504,114.2638963,22.33639595,4
4505,114.264048,22.33639595,4
4506,114.2635393,22.33699081,4
4507,114.2636397,22.33671197,4
4508,114.2637703,22.33671197,4
4509,114.263894,22.33671197,4
4510,114.263894,22.33699081,4
4511,114.264048,22.33699081,4
4512,114.2640083,22.33699081,4
4513,114.2639033,22.33699081,4
4514,114.2637703,22.33699081,4
4515,114.263761,22.33699081,4
4516,114.26367,22.33699081,4
4517,114.26367,22.33708376,4
4518,114.2635393,22.33708376,4
4519,114.2634157,22.33699081,4
4520,114.2639033,22.33784593,4
4521,114.2637703,22.33782734,4
4522,114.26367,22.33758568,4
4523,114.26367,22.33784593,4
4524,114.26367,22.33816195,4
4525,114.26367,22.33847797,4
4526,114.2635393,22.33758568,4
4527,114.2635393,22.33782734,4
4528,114.2635393,22.33816195,4
4529,114.2635393,22.33847797,4
5000,114.2631786,22.3349891,5
5001,114.2631786,22.3349891,5
5002,114.2631786,22.3349891,5
5003,114.2631786,22.3349891,5
5004,114.2631786,22.3349891,5
5005,114.2631786,22.3349891,5
5006,114.2631786,22.3349891,5
5007,114.2631786,22.3349891,5
5008,114.2631786,22.3349891,5
5009,114.2631786,22.3349891,5
5010,114.2631998,22.33658753,5
5011,114.2631998,22.33658753,5
5012,114.2631998,22.33658753,5
5013,114.2631998,22.33658753,5
5014,114.2631998,22.33658753,5
5015,114.2631998,22.33658753,5
5016,114.2631998,22.33658753,5
5017,114.2631998,22.33658753,5
5018,114.2631998,22.33658753,5
5019,114.2631998,22.33658753,5
5020,114.2631998,22.33658753,5
5021,114.2631998,22.33658753,5
5022,114.2631998,22.33658753,5
5023,114.2631998,22.33658753,5
5024,114.2631998,22.33658753,5
5025,114.2631998,22.33658753,5
5026,114.2631998,22.33658753,5
5027,114.2631998,22.33658753,5
5028,114.2633384,22.3366655,5
5029,114.2633384,22.3366655,5
5030,114.2633384,22.3366655,5
5031,114.2633384,22.3366655,5
5032,114.2633948,22.3369384,5
5033,114.2633384,22.3366655,5
5034,114.2633384,22.3366655,5
5035,114.2633454,22.33528149,5
5036,114.2631786,22.33641209,5
5037,114.2633102,22.33491113,5
5038,114.2633102,22.33491113,5
5039,114.2633102,22.33491113,5
5040,114.2633102,22.33491113,5
5041,114.2633102,22.33491113,5
5042,114.2633102,22.33491113,5
5043,114.2633102,22.33491113,5
5044,114.2633102,22.33491113,5
5045,114.2633102,22.33491113,5
5046,114.2633102,22.33491113,5
5047,114.2633102,22.33491113,5
5048,114.2633102,22.33491113,5
5049,114.2633102,22.33491113,5
5050,114.2633102,22.33491113,5
5051,114.2633102,22.33491113,5
5052,114.2633102,22.33491113,5
5053,114.2633102,22.33491113,5
5054,114.2633102,22.33491113,5
5055,114.2633102,22.33491113,5
5056,114.2633454,22.33528149,5
5057,114.2633102,22.33491113,5
5058,114.2633102,22.33491113,5
5059,114.2633102,22.33491113,5
5060,114.2633102,22.33491113,5
5061,114.2633102,22.33491113,5
5062,114.2633102,22.33491113,5
5063,114.2633102,22.33491113,5
5064,114.2633102,22.33491113,5
5065,114.2633454,22.33528149,5
5066,114.2633454,22.33528149,5
5067,114.2633454,22.33528149,5
5068,114.2633454,22.33528149,5
5069,114.2633454,22.33528149,5
5070,114.2633454,22.33528149,5
5071,114.2634065,22.33528149,5
5072,114.2634065,22.33528149,5
5073,114.2634065,22.33528149,5
5074,114.2634065,22.33528149,5
5075,114.2634065,22.33528149,5
5076,114.2634112,22.33528149,5
5077,114.2634112,22.33528149,5
5078,114.2634112,22.33528149,5
5079,114.2634112,22.33528149,5
5080,114.2634112,22.33528149,5
5081,114.2634112,22.33528149,5
5082,114.2634112,22.33528149,5
5083,114.2634441,22.33512555,5
5084,114.2634535,22.33520352,5
5085,114.2634535,22.335262,5
5086,114.2634535,22.335262,5
5087,114.2634535,22.335262,5
5088,114.2634535,22.33520352,5
5089,114.2634511,22.33510606,5
5090,114.2634582,22.33510606,5
5091,114.2634676,22.33512555,5
5092,114.2634911,22.33520352,5
5093,114.2634911,22.33524251,5
5094,114.2634911,22.33504758,5
5095,114.2634911,22.33500859,5
5096,114.2634911,22.33500859,5
5097,114.2634911,22.33500859,5
5098,114.2634911,22.33504758,5
5099,114.2634911,22.33520352,5
5100,114.2634911,22.33524251,5
5101,114.2635122,22.33512555,5
5102,114.263524,22.33512555,5
5103,114.263531,22.33520352,5
5104,114.263531,22.335262,5
5105,114.263531,22.335262,5
5106,114.263531,22.335262,5
5107,114.263531,22.33520352,5
5108,114.263531,22.33512555,5
5109,114.2635404,22.33512555,5
5110,114.2635404,22.33504758,5
5111,114.2635662,22.3349891,5
5112,114.2635944,22.33524251,5
5113,114.2635991,22.33510606,5
5114,114.2636085,22.33510606,5
5115,114.2635662,22.33520352,5
5116,114.2635662,22.33524251,5
5117,114.2635662,22.33537896,5
5118,114.2635662,22.33541794,5
5119,114.2635709,22.33541794,5
5120,114.2635803,22.33541794,5
5121,114.2635803,22.33545693,5
5122,114.2635709,22.33545693,5
5123,114.2635662,22.3355349,5
5124,114.2635662,22.33557389,5
5125,114.2635709,22.33565186,5
5126,114.2635803,22.33565186,5
5127,114.2635803,22.33565186,5
5128,114.2635662,22.33569085,5
5129,114.2635756,22.33580781,5
5130,114.2635709,22.33580781,5
5131,114.2635662,22.33590527,5
5132,114.2635662,22.33594426,5
5133,114.2635709,22.33594426,5
5134,114.2635803,22.33594426,5
5136,114.2635803,22.33596375,5
5137,114.2635709,22.33596375,5
5138,114.2635709,22.33615868,5
5139,114.2635897,22.3361002,5
5140,114.2635709,22.33619767,5
5141,114.2635709,22.33619767,5
5142,114.2636297,22.3361002,5
5143,114.2636485,22.3361002,5
5144,114.2636485,22.33596375,5
5145,114.2636485,22.33594426,5
5146,114.2636532,22.33574933,5
5147,114.2636485,22.33572983,5
5148,114.2636485,22.3355544,5
5149,114.2636485,22.3355349,5
5150,114.2636485,22.33535947,5
5151,114.2636485,22.33533997,5
5152,114.2636132,22.33512555,5
5153,114.2636203,22.33524251,5
5154,114.2636532,22.33524251,5
5155,114.2636532,22.33520352,5
5156,114.2636532,22.33510606,5
5157,114.2636532,22.33508656,5
5158,114.2636532,22.3349891,5
5159,114.2636532,22.33504758,5
5160,114.263679,22.33512555,5
5161,114.2636884,22.33522301,5
5162,114.2636884,22.335262,5
5163,114.2636884,22.335262,5
5164,114.2636884,22.33522301,5
5165,114.2636884,22.33512555,5
5166,114.2636931,22.33512555,5
5167,114.2637025,22.33512555,5
5168,114.263726,22.33520352,5
5169,114.263726,22.33524251,5
5170,114.263726,22.33504758,5
5171,114.263726,22.33500859,5
5172,114.263726,22.33500859,5
5173,114.263726,22.33504758,5
5174,114.263726,22.33520352,5
5175,114.263726,22.33524251,5
5176,114.2637518,22.33512555,5
5177,114.2637612,22.33512555,5
5178,114.2637659,22.33520352,5
5179,114.2637659,22.335262,5
5180,114.2637659,22.335262,5
5181,114.2637659,22.33520352,5
5182,114.2637659,22.33512555,5
5183,114.2637753,22.33512555,5
5184,114.2638012,22.33506707,5
5185,114.2638012,22.33500859,5
5186,114.2638012,22.33508656,5
5187,114.2638012,22.33512555,5
5188,114.2638293,22.335262,5
5189,114.2638293,22.335262,5
5190,114.2638293,22.335262,5
5191,114.2638481,22.335262,5
5192,114.2638599,22.335262,5
5193,114.2638012,22.33520352,5
5194,114.2638012,22.335262,5
5195,114.2638012,22.33533997,5
5196,114.2638012,22.33535947,5
5197,114.2638012,22.3355349,5
5198,114.2638012,22.3355544,5
5199,114.2638012,22.33574933,5
5200,114.2638012,22.33576882,5
5201,114.2638012,22.33592476,5
5202,114.2638012,22.33594426,5
5203,114.2638012,22.33606122,5
5204,114.2638246,22.33606122,5
5205,114.2638881,22.33594426,5
5206,114.2638881,22.33594426,5
5207,114.2638881,22.33594426,5
5208,114.2638881,22.33588578,5
5209,114.2638881,22.33586628,5
5210,114.2638881,22.3358273,5
5211,114.2638881,22.33578831,5
5212,114.2638881,22.33572983,5
5213,114.2638881,22.33567135,5
5214,114.2638834,22.335262,5
5215,114.263874,22.33567135,5
5216,114.263874,22.33563237,5
5217,114.2638834,22.33520352,5
5218,114.2638998,22.33516453,5
5219,114.2638998,22.33516453,5
5220,114.263921,22.33516453,5
5222,114.2638998,22.33516453,5
5223,114.2638998,22.33516453,5
5224,114.2638998,22.33516453,5
5225,114.2638998,22.33516453,5
5226,114.2638998,22.33516453,5
5227,114.2638998,22.33516453,5
5228,114.2638998,22.33516453,5
5229,114.2638998,22.33516453,5
5230,114.2638998,22.33516453,5
5232,114.263982,22.33512555,5
5233,114.263982,22.33512555,5
5235,114.263982,22.33512555,5
5237,114.2638998,22.33516453,5
5239,114.263982,22.33512555,5
5240,114.2638998,22.33516453,5
5241,114.2640549,22.33543744,5
5242,114.2640549,22.33543744,5
5243,114.2640549,22.33543744,5
5244,114.2640549,22.33543744,5
5245,114.2640549,22.33561288,5
5246,114.2640549,22.33625615,5
5247,114.2631786,22.3349891,5
5248,114.2631786,22.3349891,5
5249,114.2634112,22.33528149,5
5250,114.2636485,22.3361002,5
5251,114.2636485,22.3361002,5
5252,114.2640549,22.335262,5
5253,114.2640549,22.335262,5
5254,114.2640549,22.335262,5
5255,114.2640549,22.335262,5
5256,114.2640549,22.335262,5
5257,114.2640783,22.335262,5
5258,114.2640783,22.335262,5
5259,114.2640783,22.335262,5
5260,114.2640783,22.335262,5
5261,114.2640783,22.335262,5
5262,114.2640783,22.335262,5
5263,114.2640783,22.335262,5
5264,114.2640783,22.335262,5
5265,114.2640783,22.335262,5
5266,114.2640783,22.335262,5
5267,114.2640783,22.335262,5
5268,114.2640783,22.335262,5
5269,114.2640783,22.335262,5
5271,114.2633243,22.33656803,5
5272,114.263188,22.33654854,5
5273,114.2633102,22.33487214,5
5274,114.2633102,22.33487214,5
5275,114.2633102,22.33487214,5
5276,114.2633736,22.33543744,5
5277,114.2633736,22.33543744,5
5278,114.2636085,22.33541794,5
5279,114.2636085,22.33541794,5
5280,114.2638434,22.33543744,5
5281,114.2638434,22.33543744,5
5282,114.2638834,22.33506707,5
5283,114.2638834,22.33506707,5
5284,114.2640877,22.33541794,5
5285,114.2640877,22.33541794,5
5286,114.2631998,22.33489163,5
5287,114.2633102,22.33489163,5
5288,114.2633713,22.33543744,5
5289,114.2634911,22.33532048,5
5290,114.2636062,22.33541794,5
5291,114.263726,22.33530099,5
5292,114.2638834,22.3349696,5
5293,114.2638481,22.33543744,5
5294,114.2639703,22.33512555,5
5295,114.264083,22.33541794,5
5296,114.2638575,22.3361002,5
5297,114.2636226,22.3361002,5
5298,114.263329,22.33662651,5
5299,114.2631857,22.33662651,5
5300,114.2633713,22.33549592,5
5301,114.2638481,22.33549592,5
5302,114.264083,22.33545693,5
5303,114.2631951,22.33676297,5
5304,114.2632045,22.33489163,5
5305,114.2636062,22.33549592,5
5306,114.2634136,22.33668499,5
5307,114.2631786,22.3349891,5
5308,114.2631904,22.33660702,5
5309,114.2633243,22.33660702,5
5310,114.2633736,22.33528149,5
5311,114.2634323,22.33528149,5
5312,114.2634323,22.33512555,5
5313,114.2634535,22.33512555,5
5314,114.2634911,22.33512555,5
5315,114.2635662,22.33512555,5
5316,114.2635662,22.33565186,5
5317,114.2635662,22.33580781,5
5318,114.2635662,22.3361002,5
5319,114.2635709,22.3361002,5
5320,114.2636485,22.33524251,5
5321,114.2636085,22.33524251,5
5322,114.2636532,22.33512555,5
5323,114.263726,22.33512555,5
5324,114.2638434,22.335262,5
5325,114.263874,22.335262,5
5326,114.2638881,22.33594426,5
5327,114.2638834,22.33516453,5
5328,114.2638998,22.33516453,5
5329,114.263921,22.33512555,5
5330,114.2640877,22.335262,5
5331,114.2640783,22.335262,5
5332,114.2640549,22.335262,5
5333,114.2640549,22.33543744,5
6000,114.2634539,22.33676911,6
6001,114.2634539,22.33678795,6
6002,114.2634539,22.33675028,6
6003,114.2634539,22.33641117,6
6004,114.263468,22.33676911,6
6005,114.2634727,22.33676911,6
6006,114.2634937,22.33665608,6
6007,114.2634797,22.33676911,6
6008,114.2634727,22.33641117,6
6009,114.2634773,22.33641117,6
6010,114.2635077,22.33697634,6
6011,114.2635031,22.33641117,6
6012,114.2635311,22.33697634,6
6013,114.2635288,22.33641117,6
6014,114.2635662,22.33697634,6
6015,114.2635943,22.33697634,6
6016,114.2636223,22.33697634,6
6017,114.2636434,22.33641117,6
6018,114.2636691,22.33697634,6
6019,114.2637018,22.33641117,6
6020,114.2637463,22.33697634,6
6021,114.263765,22.33641117,6
6022,114.2637416,22.33641117,6
6023,114.263765,22.33641117,6
6024,114.2638421,22.33697634,6
6025,114.2638421,22.33697634,6
6026,114.2638351,22.33641117,6
6027,114.2638421,22.33697634,6
6028,114.2638468,22.33641117,6
6029,114.2638421,22.33697634,6
6030,114.2638749,22.33697634,6
6031,114.2638866,22.33680679,6
6032,114.2639217,22.33697634,6
6033,114.2638866,22.33680679,6
6034,114.2639708,22.33641117,6
6035,114.2639708,22.33697634,6
6036,114.2640152,22.33641117,6
6037,114.2640152,22.33697634,6
6038,114.2640292,22.33641117,6
6039,114.2640292,22.33697634,6
6040,114.2640596,22.33641117,6
6041,114.2640596,22.33697634,6
6042,114.2635311,22.33848346,6
6043,114.2635311,22.33848346,6
6044,114.2635311,22.33848346,6
6045,114.2635311,22.33848346,6
6046,114.2635311,22.33848346,6
6047,114.2635311,22.33848346,6
6048,114.2635311,22.33814436,6
6049,114.2635311,22.33814436,6
6050,114.2635311,22.33814436,6
6051,114.2635311,22.33814436,6
6052,114.2635311,22.33814436,6
6053,114.2635311,22.33814436,6
6054,114.2635311,22.33814436,6
6055,114.2635311,22.33814436,6
6056,114.2635311,22.33814436,6
6057,114.2635311,22.33814436,6
6058,114.2635311,22.33814436,6
6059,114.2635311,22.33814436,6
6060,114.2635311,22.33814436,6
6061,114.2635311,22.33814436,6
6062,114.2635311,22.33814436,6
6063,114.2635311,22.33814436,6
6064,114.2635311,22.33814436,6
6065,114.2635311,22.33814436,6
6066,114.2635311,22.33814436,6
6067,114.2635311,22.33814436,6
6068,114.2635311,22.33814436,6
6069,114.2635311,22.33814436,6
6070,114.2635311,22.33814436,6
6071,114.2635311,22.33814436,6
6072,114.2635311,22.33814436,6
6073,114.2635311,22.33814436,6
6074,114.2635311,22.33744732,6
6075,114.2635311,22.33744732,6
6076,114.2635311,22.33744732,6
6077,114.2635311,22.33744732,6
6078,114.2635311,22.33744732,6
6079,114.2635311,22.33744732,6
6080,114.2635311,22.33744732,6
6081,114.2635311,22.33744732,6
6082,114.2635311,22.33744732,6
6083,114.2635311,22.33744732,6
6084,114.2635311,22.33744732,6
6085,114.2635311,22.33744732,6
6086,114.2635311,22.33744732,6
6087,114.2635311,22.33744732,6
6088,114.2635311,22.33744732,6
6089,114.2635311,22.33744732,6
6090,114.2635732,22.33697634,6
6091,114.2635732,22.33697634,6
6092,114.2635732,22.33697634,6
6093,114.2635545,22.33697634,6
6094,114.2635615,22.33697634,6
6095,114.2635755,22.33697634,6
6096,114.2636247,22.33697634,6
6097,114.2636247,22.33697634,6
6098,114.2636247,22.33697634,6
6099,114.2636247,22.33697634,6
6100,114.2636247,22.33697634,6
6101,114.2636387,22.33697634,6
6102,114.263779,22.33697634,6
6103,114.2637884,22.33697634,6
6104,114.263793,22.33697634,6
6105,114.2638024,22.33697634,6
6106,114.2638117,22.33697634,6
6107,114.2637673,22.33744732,6
6108,114.2637673,22.33744732,6
6109,114.2637673,22.33744732,6
6110,114.2637673,22.33744732,6
6111,114.2637673,22.33744732,6
6112,114.2637673,22.33744732,6
6113,114.2637673,22.33744732,6
6114,114.2637673,22.33744732,6
6115,114.2637673,22.33744732,6
6116,114.2637673,22.33744732,6
6117,114.2637673,22.33744732,6
6118,114.2637673,22.33744732,6
6119,114.2637673,22.33744732,6
6120,114.2637673,22.33744732,6
6121,114.2637673,22.33814436,6
6122,114.2637673,22.33814436,6
6123,114.2637673,22.33814436,6
6124,114.2637673,22.33814436,6
6125,114.2637673,22.33814436,6
6126,114.2637673,22.33814436,6
6127,114.2637673,22.33814436,6
6128,114.2637673,22.33814436,6
6129,114.2637673,22.33814436,6
6130,114.2637673,22.33814436,6
6131,114.2637673,22.33814436,6
6132,114.2637673,22.33814436,6
6133,114.2637673,22.33814436,6
6134,114.2637673,22.33814436,6
6135,114.2637673,22.33814436,6
6136,114.2637673,22.33814436,6
6137,114.2637673,22.33814436,6
6138,114.2637673,22.33814436,6
6139,114.2637673,22.33814436,6
6140,114.2637673,22.33814436,6
6141,114.2637673,22.33814436,6
6142,114.2637673,22.33814436,6
6143,114.2637673,22.33814436,6
6144,114.2637673,22.33814436,6
6145,114.2637673,22.33814436,6
6146,114.2637673,22.33814436,6
6147,114.2637673,22.33814436,6
6148,114.2637673,22.33814436,6
6149,114.2637673,22.33744732,6
6150,114.2637673,22.33744732,6
6151,114.2637673,22.33744732,6
6152,114.2637673,22.33744732,6
6153,114.2637673,22.33744732,6
6154,114.2638796,22.33697634,6
6155,114.2638492,22.33697634,6
6156,114.2638305,22.33697634,6
6157,114.2633019,22.33505477,6
6158,114.2633019,22.33505477,6
6159,114.2633019,22.33505477,6
6160,114.2633019,22.33505477,6
6161,114.2633019,22.33505477,6
6162,114.2633019,22.33505477,6
6163,114.2633019,22.33505477,6
6164,114.2633019,22.33505477,6
6165,114.2633019,22.33505477,6
6166,114.2633019,22.33505477,6
6167,114.2633019,22.33505477,6
6168,114.2633019,22.33505477,6
6169,114.2633019,22.33505477,6
6170,114.2633019,22.33505477,6
6171,114.2633019,22.33505477,6
6172,114.2633019,22.33505477,6
6173,114.2633019,22.33505477,6
6174,114.2633019,22.33505477,6
6175,114.2633019,22.33505477,6
6176,114.2633019,22.33505477,6
6177,114.2633019,22.33505477,6
6178,114.2633019,22.33505477,6
6179,114.2633019,22.33505477,6
6180,114.2633019,22.33505477,6
6181,114.2633019,22.33505477,6
6182,114.2633019,22.33505477,6
6183,114.2633019,22.33505477,6
6184,114.2633019,22.33505477,6
6185,114.2633019,22.33505477,6
6186,114.2633019,22.33505477,6
6187,114.2633019,22.33505477,6
6188,114.2633019,22.33505477,6
6189,114.2633019,22.33505477,6
6190,114.2633019,22.33505477,6
6191,114.2633019,22.33505477,6
6192,114.2633019,22.33505477,6
6193,114.2633019,22.33505477,6
6194,114.2633019,22.33505477,6
6195,114.2633019,22.33505477,6
6196,114.2633019,22.33505477,6
6197,114.2633019,22.33505477,6
6198,114.2633019,22.33505477,6
6199,114.2633019,22.33505477,6
6200,114.2633019,22.33505477,6
6201,114.2633019,22.33505477,6
6202,114.2633019,22.33505477,6
6203,114.2633019,22.33505477,6
6204,114.2633019,22.33505477,6
6205,114.2635989,22.33545039,6
6206,114.2635989,22.33545039,6
6207,114.2635989,22.33545039,6
6208,114.2635989,22.33545039,6
6209,114.2635989,22.33545039,6
6210,114.2635989,22.33545039,6
6211,114.2635989,22.33545039,6
6212,114.2635989,22.33545039,6
6213,114.2635989,22.33545039,6
6214,114.2635989,22.33545039,6
6215,114.2635989,22.33545039,6
6216,114.2635989,22.33545039,6
6217,114.2635989,22.33545039,6
6218,114.2635989,22.33545039,6
6219,114.2635989,22.33545039,6
6220,114.2635989,22.33545039,6
6221,114.2635989,22.33545039,6
6222,114.2635989,22.33545039,6
6223,114.2635989,22.33545039,6
6224,114.2635989,22.33545039,6
6225,114.2635989,22.33545039,6
6226,114.2635989,22.33545039,6
6227,114.2635989,22.33545039,6
6228,114.2635989,22.33545039,6
6229,114.2635989,22.33545039,6
6230,114.2635989,22.33545039,6
6231,114.2635989,22.33545039,6
6232,114.2635989,22.33545039,6
6233,114.2635989,22.33545039,6
6234,114.2635989,22.33545039,6
6235,114.2635989,22.33545039,6
6236,114.2635989,22.33545039,6
6237,114.2635989,22.33545039,6
6238,114.2635989,22.33545039,6
6239,114.2635989,22.33545039,6
6240,114.2635989,22.33545039,6
6241,114.2635989,22.33545039,6
6242,114.2635989,22.33545039,6
6243,114.2635989,22.33545039,6
6244,114.2635989,22.33545039,6
6245,114.2635989,22.33545039,6
6246,114.2635989,22.33545039,6
6247,114.2635989,22.33545039,6
6248,114.2635989,22.33545039,6
6249,114.2635989,22.33545039,6
6250,114.2635989,22.33545039,6
6251,114.2635989,22.33545039,6
6252,114.2635989,22.33545039,6
6253,114.2635989,22.33545039,6
6254,114.2635989,22.33545039,6
6255,114.2635989,22.33545039,6
6256,114.2635989,22.33545039,6
6257,114.2635989,22.33545039,6
6258,114.2635989,22.33545039,6
6259,114.2635989,22.33545039,6
6260,114.2635989,22.33545039,6
6261,114.2635989,22.33545039,6
6262,114.2635989,22.33545039,6
6263,114.2635989,22.33545039,6
6264,114.2635989,22.33545039,6
6265,114.2635989,22.33545039,6
6266,114.2635989,22.33545039,6
6267,114.2635989,22.33545039,6
6268,114.2635989,22.33545039,6
6269,114.2635989,22.33545039,6
6270,114.2635989,22.33545039,6
6271,114.2635989,22.33545039,6
6272,114.2635989,22.33545039,6
6273,114.2635989,22.33545039,6
6274,114.2635989,22.33545039,6
6275,114.2635989,22.33545039,6
6276,114.2635989,22.33545039,6
6277,114.2635989,22.33545039,6
6278,114.2635989,22.33545039,6
6279,114.2635989,22.33545039,6
6280,114.2635989,22.33545039,6
6281,114.2635989,22.33545039,6
6282,114.2635989,22.33545039,6
6283,114.2635989,22.33545039,6
6284,114.2635989,22.33545039,6
6285,114.2635989,22.33545039,6
6286,114.2635989,22.33545039,6
6287,114.2635989,22.33545039,6
6288,114.2635989,22.33545039,6
6289,114.2635989,22.33545039,6
6290,114.2635989,22.33545039,6
6291,114.2635989,22.33545039,6
6292,114.2635989,22.33545039,6
6293,114.2635989,22.33545039,6
6294,114.2635989,22.33545039,6
6295,114.2635989,22.33545039,6
6296,114.2635989,22.33545039,6
6297,114.2635989,22.33545039,6
6298,114.2635989,22.33545039,6
6299,114.2635989,22.33545039,6
6300,114.2635989,22.33545039,6
6301,114.2635989,22.33545039,6
6302,114.2635989,22.33545039,6
6303,114.2635989,22.33545039,6
6304,114.2635989,22.33545039,6
6305,114.2635989,22.33545039,6
6306,114.2635989,22.33545039,6
6307,114.2635989,22.33545039,6
6308,114.2635989,22.33545039,6
6309,114.2635989,22.33545039,6
6310,114.2635989,22.33545039,6
6311,114.2635989,22.33545039,6
6312,114.2635989,22.33545039,6
6313,114.2635989,22.33545039,6
6314,114.2635989,22.33545039,6
6315,114.2635989,22.33545039,6
6316,114.2635989,22.33545039,6
6317,114.2635989,22.33545039,6
6318,114.2635989,22.33545039,6
6319,114.2635989,22.33545039,6
6320,114.2635989,22.33545039,6
6321,114.2635989,22.33545039,6
6322,114.2635989,22.33545039,6
6323,114.2635989,22.33545039,6
6324,114.2635989,22.33545039,6
6325,114.2635989,22.33545039,6
6326,114.2635989,22.33545039,6
6327,114.2635989,22.33545039,6
6328,114.2637977,22.33552574,6
6329,114.2637977,22.33552574,6
6330,114.2637977,22.33552574,6
6331,114.2637977,22.33552574,6
6332,114.2637977,22.33552574,6
6333,114.2637977,22.33552574,6
6334,114.2637977,22.33552574,6
6335,114.2637977,22.33552574,6
6336,114.2637977,22.33552574,6
6337,114.2637977,22.33552574,6
6338,114.2637977,22.33552574,6
6339,114.2637977,22.33552574,6
6340,114.2637977,22.33552574,6
6341,114.2637977,22.33552574,6
6342,114.2637977,22.33552574,6
6343,114.2638305,22.33539387,6
6344,114.2638305,22.33539387,6
6345,114.2638305,22.33539387,6
6346,114.2638305,22.33539387,6
6347,114.2638305,22.33539387,6
6348,114.2638305,22.33539387,6
6349,114.2638305,22.33539387,6
6350,114.2638305,22.33539387,6
6351,114.2638305,22.33539387,6
6352,114.2638305,22.33539387,6
6353,114.2638305,22.33539387,6
6354,114.2638492,22.33539387,6
6355,114.2638492,22.33539387,6
6356,114.2638492,22.33539387,6
6357,114.2638492,22.33539387,6
6358,114.2638492,22.33539387,6
6359,114.2638492,22.33539387,6
6360,114.2638492,22.33539387,6
6361,114.2638492,22.33539387,6
6362,114.2638492,22.33539387,6
6363,114.2638492,22.33539387,6
6364,114.2638492,22.33539387,6
6365,114.2638492,22.33539387,6
6366,114.2638492,22.33539387,6
6367,114.2638492,22.33539387,6
6368,114.2638492,22.33539387,6
6369,114.2638492,22.33539387,6
6370,114.2638492,22.33539387,6
6371,114.2638492,22.33539387,6
6372,114.2638492,22.33539387,6
6373,114.2637977,22.33552574,6
6374,114.2637977,22.33552574,6
6375,114.2640713,22.33548807,6
6376,114.2640713,22.33548807,6
6377,114.2640713,22.33548807,6
6378,114.2637977,22.33539387,6
6379,114.2637977,22.33539387,6
6380,114.2637977,22.33539387,6
6381,114.2637977,22.33539387,6
6382,114.2637977,22.33539387,6
6383,114.2640713,22.33548807,6
6384,114.2640713,22.33548807,6
6385,114.2640713,22.33548807,6
6386,114.2640713,22.33548807,6
6387,114.2640713,22.33548807,6
6388,114.2640713,22.33548807,6
6389,114.2640713,22.33548807,6
6390,114.2640713,22.33548807,6
6391,114.2640713,22.33548807,6
6392,114.2640713,22.33548807,6
6393,114.2635755,22.33641117,6
6394,114.2634727,22.33697634,6
6395,114.2636223,22.33641117,6
6396,114.2635311,22.33744732,6
6397,114.2635311,22.33744732,6
6398,114.2637673,22.33814436,6
6399,114.2637673,22.33814436,6
6400,114.2637673,22.33814436,6
6401,114.2637673,22.33814436,6
6402,114.2637673,22.33814436,6
6403,114.2637673,22.33814436,6
6404,114.2637673,22.33814436,6
6405,114.2637673,22.33814436,6
6406,114.2637673,22.33814436,6
6407,114.2637673,22.33744732,6
6408,114.2640713,22.33548807,6
6409,114.2640713,22.33548807,6
6410,114.2640269,22.33612859,6
6411,114.2640269,22.33618511,6
6412,114.2633019,22.33501709,6
6413,114.2633019,22.33501709,6
6414,114.2633019,22.33501709,6
6415,114.2633674,22.33554458,6
6416,114.2633674,22.33554458,6
6417,114.2635241,22.33708938,6
6418,114.2635218,22.33784293,6
6419,114.2636761,22.33784293,6
6420,114.263758,22.33707054,6
6421,114.2637533,22.33784293,6
6422,114.26391,22.33784293,6
6423,114.2635989,22.33556342,6
6424,114.2635989,22.33556342,6
6425,114.2638305,22.33554458,6
6426,114.2638305,22.33554458,6
6427,114.2638796,22.33514897,6
6428,114.2638796,22.33522432,6
6429,114.2640713,22.33554458,6
6430,114.2640713,22.33554458,6
6431,114.2640012,22.33712705,6
6432,114.2631967,22.33503593,6
6433,114.2633066,22.33501709,6
6434,114.2633651,22.33554458,6
6435,114.2635966,22.33556342,6
6436,114.2638351,22.33554458,6
6437,114.2640666,22.33554458,6
6438,114.263482,22.33641117,6
6439,114.2635872,22.33620395,6
6440,114.2637159,22.33641117,6
6441,114.2638445,22.33641117,6
6442,114.2634469,22.33707054,6
6443,114.2635241,22.33707054,6
6444,114.2635218,22.33784293,6
6445,114.2636761,22.33707054,6
6446,114.2636761,22.33788061,6
6447,114.2637556,22.33707054,6
6448,114.263758,22.33784293,6
6449,114.2639053,22.33707054,6
6450,114.2639076,22.33784293,6
6451,114.2640012,22.33707054,6
6452,114.2639076,22.3385023,6
6453,114.2637556,22.3385023,6
6454,114.2636738,22.33852113,6
6455,114.2635311,22.33852113,6
6456,114.2632014,22.33503593,6
6457,114.2635966,22.3356011,6
6458,114.2635311,22.33801248,6
6459,114.2637369,22.33697634,6
6460,114.26391,22.33801248,6
6461,114.2633651,22.33561994,6
6462,114.2638351,22.3356011,6
6463,114.2640666,22.3356011,6
6464,114.2635054,22.33697634,6
6465,114.2636644,22.33801248,6
6466,114.2637626,22.33801248,6
6467,114.2639731,22.33697634,6
6468,114.2634937,22.33641117,6
6469,114.2636831,22.33641117,6
6470,114.2638866,22.33641117,6
6471,114.2634937,22.33676911,6
6472,114.2634937,22.33697634,6
6473,114.2636855,22.33697634,6
6474,114.2638866,22.33697634,6
6475,114.2640012,22.33697634,6
6476,114.2638959,22.33697634,6
6477,114.2637673,22.33697634,6
6478,114.2636644,22.33697634,6
6479,114.2635311,22.33707054,6
6480,114.2635311,22.33744732,6
6481,114.2635311,22.33784293,6
6482,114.2635311,22.33814436,6
6483,114.2635311,22.33848346,6
6484,114.2636644,22.33784293,6
6485,114.2637673,22.33707054,6
6486,114.2637673,22.33744732,6
6487,114.2637673,22.33784293,6
6488,114.2637673,22.33814436,6
6489,114.2638959,22.33707054,6
6490,114.2638959,22.33784293,6
1000,114.2630529,22.33804117,1
1001,114.2630794,22.33777683,1
1002,114.2630661,22.33772117,1
1003,114.2630794,22.33760987,1
1004,114.2630926,22.33779074,1
1005,114.2630992,22.337749,1
1006,114.2630992,22.33760987,1
1007,114.2630562,22.33762378,1
1008,114.263076,22.33760987,1
1009,114.2630926,22.33748465,1
1010,114.2630992,22.33748465,1
1011,114.2631125,22.337429,1
1012,114.2631389,22.33737335,1
1013,114.2631754,22.33719248,1
1014,114.2632085,22.33712291,1
1015,114.2632217,22.33708117,1
1016,114.2632449,22.33703943,1
1017,114.2632515,22.33705335,1
1018,114.2632515,22.33703943,1
1019,114.2634303,22.33703943,1
1020,114.2634468,22.33706726,1
1021,114.2634303,22.33706726,1
1022,114.2634667,22.33716465,1
1023,114.2634833,22.33715074,1
1024,114.2634733,22.33708117,1
1025,114.2634766,22.337109,1
1026,114.2634932,22.33715074,1
1027,114.2634965,22.33720639,1
1028,114.2635098,22.33724813,1
1029,114.2635098,22.33720639,1
1030,114.2635263,22.33727596,1
1031,114.2635296,22.33733161,1
1032,114.2635561,22.33741509,1
1033,114.2635561,22.33738726,1
1034,114.2635925,22.33762378,1
1035,114.2636058,22.33772117,1
1036,114.2636058,22.33773509,1
1037,114.2635859,22.33773509,1
1038,114.2636091,22.33794378,1
1039,114.2636058,22.33781857,1
1040,114.2636389,22.33792987,1
1041,114.2636389,22.33801335,1
1042,114.2636654,22.33808291,1
1043,114.2636654,22.33816639,1
1044,114.2636654,22.33822204,1
1045,114.2636654,22.3382777,1
1046,114.2636356,22.33833335,1
1047,114.2636422,22.3385003,1
1048,114.2636256,22.33844465,1
1049,114.2636025,22.33829161,1
1050,114.2637349,22.33790204,1
1051,114.2637349,22.33802726,1
1052,114.2637216,22.33840291,1
1053,114.2637349,22.33812465,1
1054,114.2638177,22.33833335,1
1055,114.2638177,22.33837509,1
1056,114.263821,22.33836117,1
1057,114.2638276,22.33844465,1
1058,114.263811,22.33819422,1
1059,114.2638243,22.33811074,1
1060,114.2637349,22.33792987,1
1061,114.2638077,22.33790204,1
1062,114.2638077,22.33784639,1
1063,114.2638077,22.33769335,1
1064,114.2638177,22.33726204,1
1065,114.2637647,22.33738726,1
1066,114.2637647,22.33730378,1
1067,114.263821,22.33744291,1
1068,114.263821,22.33733161,1
1069,114.263917,22.33748465,1
1070,114.2639004,22.33735943,1
1071,114.263917,22.33735943,1
1072,114.263864,22.33749857,1
1073,114.2639004,22.33748465,1
1074,114.2639137,22.33769335,1
1075,114.2639137,22.33792987,1
1076,114.2638938,22.33794378,1
1077,114.2639137,22.33836117,1
1078,114.2639269,22.33844465,1
1079,114.2639269,22.3385003,1
1080,114.2639269,22.33855596,1
1081,114.2639269,22.33862552,1
1082,114.2639269,22.33866726,1
1083,114.2639435,22.33875074,1
1084,114.2639302,22.33875074,1
1085,114.263917,22.33875074,1
1086,114.2639037,22.33875074,1
1087,114.2638938,22.33875074,1
1088,114.2638839,22.33875074,1
1089,114.2638739,22.33875074,1
1090,114.2639137,22.33816639,1
1091,114.2639137,22.33781857,1
1092,114.2639335,22.33755422,1
1093,114.263917,22.33748465,1
1094,114.263917,22.3373177,1
1095,114.264013,22.33735943,1
1096,114.2640329,22.33735943,1
1097,114.2640461,22.33735943,1
1098,114.2640759,22.33683074,1
1099,114.264109,22.33683074,1
1100,114.2641123,22.33702552,1
1101,114.2640461,22.33790204,1
1102,114.2642547,22.33790204,1
1103,114.2642878,22.3373177,1
1104,114.2640759,22.33639943,1
1105,114.2640759,22.33605161,1
1106,114.2641487,22.33616291,1
1107,114.2641487,22.33620465,1
1108,114.2641487,22.33628813,1
1109,114.2641487,22.33617683,1
1110,114.2641554,22.33648291,1
1111,114.2642149,22.33627422,1
1112,114.2642083,22.33627422,1
1113,114.2642149,22.33627422,1
1114,114.2642149,22.336149,1
1115,114.2641885,22.336149,1
1116,114.2642149,22.33598204,1
1117,114.2642149,22.33600987,1
1118,114.2642149,22.33607943,1
1119,114.2642149,22.33584291,1
1120,114.2642149,22.33588465,1
1121,114.2642149,22.3359403,1
1122,114.2641984,22.3359403,1
1123,114.2640759,22.33600987,1
1124,114.2639004,22.33600987,1
1125,114.2637514,22.33600987,1
1126,114.2639037,22.33600987,1
1127,114.2638541,22.33600987,1
1128,114.2638243,22.33616291,1
1129,114.2638243,22.33621857,1
1130,114.2638243,22.33623248,1
1131,114.2638243,22.33641335,1
1132,114.2637581,22.33656639,1
1133,114.2637581,22.3360377,1
1134,114.2639964,22.33684465,1
1135,114.2639964,22.33674726,1
1136,114.2639964,22.33669161,1
1137,114.2639733,22.33669161,1
1138,114.2640031,22.336149,1
1139,114.263917,22.33684465,1
1140,114.2638839,22.33656639,1
1141,114.2638243,22.33656639,1
1142,114.2637581,22.33673335,1
1143,114.2637084,22.33673335,1
1144,114.2636753,22.33673335,1
1145,114.2635991,22.33717857,1
1146,114.2635727,22.33709509,1
1147,114.2636157,22.33705335,1
1148,114.2636025,22.3373177,1
1149,114.2636025,22.33728987,1
1150,114.2636124,22.33726204,1
1151,114.2636918,22.33726204,1
1152,114.2637216,22.3373177,1
1153,114.2637216,22.33734552,1
1154,114.2635495,22.33674726,1
1155,114.2635429,22.33674726,1
1156,114.2634833,22.33676117,1
1157,114.2635362,22.33660813,1
1158,114.2635362,22.33652465,1
1159,114.2635362,22.336469,1
1160,114.2635362,22.33638552,1
1161,114.2634833,22.33602378,1
1162,114.2635031,22.33620465,1
1163,114.2635031,22.33624639,1
1164,114.2635031,22.33621857,1
1165,114.2635031,22.336149,1
1166,114.263523,22.33602378,1
1167,114.2635362,22.33602378,1
1168,114.2635693,22.33599596,1
1169,114.2635693,22.33599596,1
1170,114.2635693,22.33592639,1
1171,114.2635561,22.33595422,1
1172,114.2635064,22.33602378,1
1173,114.2635098,22.33595422,1
1174,114.2635296,22.33595422,1
1175,114.2634998,22.33602378,1
1176,114.2634502,22.3362603,1
1177,114.2634502,22.33623248,1
1178,114.2634502,22.33613509,1
1179,114.2634502,22.33607943,1
1180,114.2634502,22.33605161,1
1181,114.263417,22.33580117,1
1182,114.2633906,22.33577335,1
1183,114.2634005,22.33660813,1
1184,114.2634104,22.33577335,1
1185,114.2632681,22.33580117,1
1186,114.2631389,22.33607943,1
1187,114.2631191,22.33607943,1
1188,114.2630926,22.33617683,1
1189,114.2629966,22.33607943,1
1190,114.2630429,22.33580117,1
1191,114.2630462,22.33580117,1
1192,114.2631323,22.33607943,1
1193,114.2631389,22.33606552,1
1194,114.2631389,22.33596813,1
1195,114.2631389,22.33584291,1
1196,114.2630462,22.33607943,1
1197,114.2630297,22.33607943,1
1198,114.2629933,22.33617683,1
1199,114.26299,22.33621857,1
1200,114.26299,22.33617683,1
1201,114.26299,22.33581509,1
1202,114.2629635,22.33602378,1
1203,114.2629502,22.33596813,1
1204,114.2629436,22.33596813,1
1205,114.2629701,22.33610726,1
1206,114.2629436,22.33610726,1
1207,114.2629171,22.33610726,1
1208,114.2629171,22.33616291,1
1209,114.2629668,22.33617683,1
1210,114.26299,22.33607943,1
1211,114.2630926,22.33607943,1
1212,114.26299,22.33580117,1
1213,114.2631389,22.33580117,1
1214,114.2635031,22.33638552,1
1215,114.2635495,22.33660813,1
1216,114.2636157,22.33660813,1
1217,114.2636753,22.33660813,1
1218,114.2636157,22.33726204,1
1219,114.2637216,22.33726204,1
1220,114.2638243,22.33600987,1
1221,114.263917,22.33656639,1
1222,114.2640759,22.33674726,1
1223,114.2640759,22.33669161,1
1224,114.2641487,22.33600987,1
1225,114.2640461,22.33684465,1
1226,114.264013,22.33726204,1
1227,114.263917,22.33726204,1
1228,114.2639137,22.33787422,1
1229,114.2639137,22.33801335,1
1230,114.2637349,22.33726204,1
1231,114.2637216,22.33726204,1
1232,114.2635925,22.33773509,1
1233,114.2635793,22.33762378,1
1234,114.2635793,22.33752639,1
1235,114.2635727,22.33752639,1
1236,114.2635727,22.33747074,1
1237,114.2635627,22.33747074,1
1238,114.2635627,22.337429,1
1239,114.2635561,22.337429,1
1240,114.2635462,22.33738726,1
1241,114.2635462,22.33733161,1
1242,114.2635329,22.33733161,1
1243,114.2635329,22.33727596,1
1244,114.2635263,22.33724813,1
1245,114.2634965,22.33715074,1
1246,114.2634833,22.337109,1
1247,114.2634568,22.337109,1
1248,114.2634568,22.33706726,1
1249,114.2632449,22.33705335,1
1250,114.2632283,22.33705335,1
1251,114.2632283,22.33708117,1
1252,114.2632217,22.33709509,1
1253,114.2632085,22.33709509,1
1254,114.2631985,22.33712291,1
1255,114.2631985,22.33715074,1
1256,114.2631853,22.33715074,1
1257,114.2631853,22.33719248,1
1258,114.2631754,22.33723422,1
1259,114.2631654,22.33723422,1
1260,114.2631654,22.33737335,1
1261,114.2630926,22.33760987,1
7000,114.2634827,22.33639234,7
7001,114.2634921,22.33639234,7
7002,114.2634874,22.3369575,7
7003,114.2635109,22.33639234,7
7004,114.2635157,22.3369575,7
7005,114.2635321,22.3369575,7
7006,114.2635345,22.33639234,7
7007,114.263551,22.33639234,7
7008,114.263551,22.3369575,7
7009,114.2635698,22.3369575,7
7010,114.263591,22.3369575,7
7011,114.2636122,22.3369575,7
7012,114.2636357,22.33676911,7
7013,114.2636357,22.33686331,7
7014,114.2635816,22.33639234,7
7015,114.2635957,22.33639234,7
7016,114.2636192,22.33639234,7
7017,114.2636475,22.3369575,7
7018,114.2636475,22.33639234,7
7019,114.2636475,22.33639234,7
7020,114.2636475,22.33639234,7
7021,114.2636475,22.33639234,7
7022,114.2636663,22.3369575,7
7023,114.2636899,22.33686331,7
7024,114.2637064,22.33669376,7
7025,114.2637087,22.33669376,7
7026,114.2637252,22.33669376,7
7027,114.263737,22.33669376,7
7028,114.263744,22.33669376,7
7029,114.2637629,22.33669376,7
7030,114.2637676,22.33669376,7
7031,114.2637817,22.33669376,7
7032,114.2637958,22.33669376,7
7033,114.2638029,22.33669376,7
7034,114.2638194,22.33669376,7
7035,114.2638264,22.33669376,7
7036,114.2638406,22.33669376,7
7037,114.2638547,22.33669376,7
7038,114.2638594,22.33669376,7
7039,114.2638759,22.33669376,7
7120,114.2638876,22.33669376,7
7040,114.2638876,22.33669376,7
7041,114.2638876,22.33669376,7
7042,114.2638876,22.33669376,7
7043,114.2638876,22.33669376,7
7121,114.2639018,22.3369575,7
7044,114.2639018,22.3369575,7
7045,114.2639018,22.3369575,7
7046,114.2639771,22.3369575,7
7047,114.2639983,22.33659956,7
7048,114.2640242,22.3369575,7
7049,114.2640619,22.33659956,7
7050,114.264036,22.3369575,7
7051,114.2640619,22.33659956,7
7052,114.2640666,22.3369575,7
7115,114.2636687,22.33797481,7
7053,114.2636687,22.33797481,7
7054,114.2636687,22.33797481,7
7055,114.2636687,22.33797481,7
7056,114.2636687,22.33797481,7
7057,114.2636687,22.33797481,7
7058,114.2636687,22.33797481,7
7059,114.2636687,22.33797481,7
7060,114.2636687,22.33797481,7
7061,114.2636687,22.33797481,7
7062,114.2636687,22.33797481,7
7063,114.2636687,22.33797481,7
7064,114.2636687,22.33797481,7
7065,114.2636687,22.33797481,7
7066,114.2636687,22.33797481,7
7067,114.2636687,22.33797481,7
7068,114.2636687,22.33797481,7
7069,114.2636687,22.33797481,7
7070,114.2636687,22.33797481,7
7071,114.2636687,22.33797481,7
7072,114.2636687,22.33797481,7
7073,114.2635463,22.3369575,7
7074,114.263558,22.3369575,7
7075,114.2635651,22.3369575,7
7076,114.263558,22.3369575,7
7077,114.2639112,22.3370517,7
7129,114.2637699,22.33780526,7
7078,114.2637699,22.33780526,7
7079,114.2637699,22.33780526,7
7080,114.2637699,22.33780526,7
7081,114.2637699,22.33780526,7
7082,114.2637699,22.33780526,7
7083,114.2637699,22.33780526,7
7084,114.2637699,22.33780526,7
7128,114.2633085,22.33503593,7
7085,114.2633085,22.33503593,7
7086,114.2633085,22.33503593,7
7087,114.2633085,22.33503593,7
7088,114.2633085,22.33503593,7
7089,114.2633085,22.33503593,7
7090,114.2633085,22.33503593,7
7091,114.2633085,22.33503593,7
7092,114.2633085,22.33503593,7
7093,114.2633085,22.33503593,7
7094,114.2633085,22.33503593,7
7095,114.2633085,22.33503593,7
7096,114.2633085,22.33503593,7
7097,114.2633085,22.33503593,7
7098,114.2636475,22.33639234,7
7099,114.2636475,22.33639234,7
7100,114.2633085,22.33499826,7
7101,114.2633085,22.33499826,7
7102,114.2633085,22.33499826,7
7103,114.2635321,22.33707054,7
7104,114.2636828,22.33782409,7
7105,114.2637652,22.33707054,7
7106,114.2637605,22.33780526,7
7107,114.2640101,22.33710821,7
7108,114.2635109,22.3369575,7
7109,114.2639771,22.33701402,7
7110,114.2636899,22.33797481,7
7111,114.263744,22.3370517,7
7112,114.2636875,22.33797481,7
7113,114.2636357,22.33639234,7
7114,114.2636357,22.3369575,7
7116,114.2636828,22.33797481,7
7117,114.2636899,22.33639234,7
7118,114.2636899,22.3369575,7
7119,114.2636899,22.33669376,7
7122,114.263744,22.3369575,7
7123,114.2637652,22.3369575,7
7124,114.2639112,22.3369575,7
7125,114.2639983,22.3369575,7
7126,114.2640619,22.3369575,7
7127,114.2640101,22.3369575,7
2000,114.264076,22.335262,2
2001,114.264076,22.334861,2
2002,114.2642846,22.332856,2
2003,114.2649104,22.329247,2
2004,114.2642846,22.330049,2
2005,114.2641803,22.328044,2
2006,114.2649104,22.325237,2
2007,114.2652233,22.321628,2
2008,114.2659534,22.322831,2
2009,114.2656405,22.319222,2
2010,114.2659534,22.318019,2
2011,114.2663706,22.316415,2
2012,114.2667878,22.314811,2
2013,114.2668921,22.313207,2
2014,114.2669964,22.313207,2
2015,114.2674136,22.316816,2
2016,114.2675179,22.315613,2
2017,114.2684566,22.314009,2
2018,114.2694996,22.309197,2
2019,114.2698125,22.309999,2
2020,114.2698125,22.307994,2
2021,114.2700211,22.308796,2
2022,114.2752361,22.308796,2
2023,114.2757576,22.308796,2
2024,114.2754447,22.309999,2
2025,114.2754447,22.307994,2
2026,114.2760705,22.309598,2
2027,114.2810769,22.328044,2
2028,114.2808683,22.328445,2
2029,114.2808683,22.329648,2
2030,114.2690824,22.303984,2
2031,114.2690824,22.303984,2
2032,114.2689781,22.281929,2
2033,114.2697082,22.301979,2
2034,114.2697082,22.297969,2
2035,114.2697082,22.297167,2
2036,114.2689781,22.300375,2
2037,114.2689781,22.298771,2
2038,114.2689781,22.297969,2
2039,114.2689781,22.295563,2
2040,114.2689781,22.294761,2
2041,114.2689781,22.291954,2
2042,114.2689781,22.291152,2
2043,114.2689781,22.287142,2
2044,114.2688738,22.28634,2
2045,114.2688738,22.28634,2
2046,114.2689781,22.283132,2
2047,114.2688738,22.279924,2
2048,114.2685609,22.278721,2
2049,114.2694996,22.279924,2
2050,114.2686652,22.276315,2
2051,114.2699168,22.279924,2
2052,114.270334,22.27431,2
2053,114.270334,22.273909,2
2054,114.2700211,22.279924,2
2055,114.2707512,22.279924,2
2056,114.270334,22.275914,2
2057,114.2707512,22.279924,2
2058,114.2709598,22.279924,2
2059,114.2715856,22.279924,2
2060,114.2717942,22.279924,2
2061,114.2715856,22.278721,2
2062,114.2715856,22.277117,2
2063,114.2715856,22.277518,2
2064,114.27242,22.278721,2
2065,114.27242,22.277919,2
2066,114.2726286,22.277919,2
2067,114.27242,22.278721,2
2068,114.27242,22.279924,2
2069,114.2726286,22.279924,2
2070,114.2732544,22.279924,2
2071,114.273463,22.279924,2
2072,114.273463,22.279122,2
2073,114.273463,22.277117,2
2074,114.273463,22.277518,2
2075,114.2740888,22.279924,2
2076,114.2742974,22.279924,2
2077,114.2749232,22.277919,2
2078,114.2749232,22.277117,2
2079,114.2749232,22.275513,2
2080,114.2754447,22.27431,2
2081,114.2740888,22.273107,2
2082,114.274506,22.273107,2
2083,114.2749232,22.273107,2
2084,114.2751318,22.277919,2
2085,114.2754447,22.277919,2
2086,114.2751318,22.277919,2
2087,114.275549,22.281528,2
2088,114.2759662,22.281528,2
2089,114.2771135,22.280325,2
2090,114.2771135,22.278721,2
2091,114.2777393,22.280325,2
2092,114.2777393,22.284736,2
2093,114.2777393,22.285538,2
2094,114.2773221,22.284736,2
2095,114.277635,22.285538,2
2096,114.2769049,22.298771,2
2097,114.2766963,22.298771,2
2098,114.2766963,22.297568,2
2099,114.2766963,22.292756,2
2100,114.2766963,22.288746,2
2101,114.2783651,22.298771,2
2102,114.2787823,22.301177,2
2103,114.2771135,22.301177,2
2104,114.2787823,22.298771,2
2105,114.2787823,22.297969,2
2106,114.2787823,22.292756,2
2107,114.2787823,22.288746,2
2108,114.2783651,22.280325,2
2109,114.2783651,22.278721,2
2110,114.2783651,22.280726,2
2111,114.2796167,22.280726,2
2112,114.2796167,22.281528,2
2113,114.2796167,22.280726,2
2114,114.2796167,22.278721,2
2115,114.2798253,22.278721,2
2116,114.2808683,22.277518,2
2117,114.2808683,22.276716,2
2118,114.2808683,22.276716,2
2119,114.2808683,22.277518,2
2120,114.2810769,22.280325,2
2121,114.2810769,22.281127,2
2122,114.2810769,22.281127,2
2123,114.2810769,22.280325,2
2124,114.2817027,22.278721,2
2125,114.2827457,22.280726,2
2126,114.2827457,22.281528,2
2127,114.2827457,22.28233,2
2128,114.2827457,22.277518,2
2129,114.2827457,22.276716,2
2130,114.2827457,22.276716,2
2131,114.2827457,22.277518,2
2132,114.2827457,22.280726,2
2133,114.2827457,22.281528,2
2134,114.2836844,22.278721,2
2135,114.2843102,22.278721,2
2136,114.2847274,22.278721,2
2137,114.2845188,22.280325,2
2138,114.2845188,22.281127,2
2139,114.2845188,22.281127,2
2140,114.2845188,22.280325,2
2141,114.284936,22.278721,2
2142,114.285979,22.277518,2
2143,114.285979,22.276315,2
2144,114.285979,22.273909,2
2145,114.285979,22.273107,2
2146,114.285979,22.270701,2
2147,114.285979,22.270701,2
2148,114.2861876,22.270701,2
2149,114.2867091,22.270701,2
2150,114.285979,22.280325,2
2151,114.285979,22.281528,2
2152,114.285979,22.280325,2
2153,114.2878564,22.280726,2
2154,114.2881693,22.281528,2
2155,114.2878564,22.283934,2
2156,114.2878564,22.285137,2
2157,114.2874392,22.285137,2
2158,114.2878564,22.285939,2
2159,114.2868134,22.283132,2
2160,114.2868134,22.28634,2
2161,114.2868134,22.298771,2
2162,114.2868134,22.299573,2
2163,114.2873349,22.301177,2
2164,114.2886908,22.298771,2
2165,114.2890037,22.298771,2
2166,114.2890037,22.291954,2
2167,114.2890037,22.283132,2
2168,114.2890037,22.281528,2
2169,114.2898381,22.281528,2
2170,114.2898381,22.280726,2
2171,114.2898381,22.280726,2
2172,114.2898381,22.276716,2
2173,114.2887951,22.276716,2
2174,114.2898381,22.275513,2
2175,114.2896295,22.271102,2
2176,114.2892123,22.271102,2
2177,114.2892123,22.271102,2
2178,114.2896295,22.271102,2
2179,114.2898381,22.271102,2
2180,114.2898381,22.271102,2
2181,114.2898381,22.273107,2
2182,114.2898381,22.27431,2
2183,114.2898381,22.276716,2
2184,114.2898381,22.277518,2
2185,114.2908811,22.278721,2
2186,114.2912983,22.280325,2
2187,114.2912983,22.281127,2
2188,114.2912983,22.281127,2
2189,114.2912983,22.280325,2
2190,114.2912983,22.278721,2
2191,114.2915069,22.278721,2
2192,114.2919241,22.278721,2
2193,114.2929671,22.280325,2
2194,114.2929671,22.281528,2
2195,114.2929671,22.28233,2
2197,114.2955746,22.299974,2
2198,114.2929671,22.277518,2
2199,114.2929671,22.276716,2
2200,114.2929671,22.276716,2
2201,114.2929671,22.277518,2
2202,114.2929671,22.280325,2
2203,114.2929671,22.281528,2
2204,114.2940101,22.278721,2
2205,114.2945316,22.278721,2
2206,114.2949488,22.278721,2
2207,114.2947402,22.280325,2
2208,114.2947402,22.281127,2
2209,114.2947402,22.281127,2
2210,114.2947402,22.280325,2
2211,114.2951574,22.278721,2
2212,114.2962004,22.277518,2
2213,114.2962004,22.276315,2
2214,114.2962004,22.273909,2
2215,114.2962004,22.273107,2
2216,114.2962004,22.271102,2
2217,114.2962004,22.271102,2
2218,114.296409,22.271102,2
2219,114.2968262,22.271102,2
2220,114.2968262,22.271102,2
2221,114.296409,22.271102,2
2222,114.2962004,22.275513,2
2223,114.2962004,22.280325,2
2224,114.2962004,22.281528,2
2225,114.2970348,22.281528,2
2226,114.2980778,22.284335,2
2227,114.2980778,22.285137,2
2228,114.2980778,22.286741,2
2229,114.298495,22.285137,2
2230,114.2994337,22.281528,2
2231,114.2992251,22.295563,2
2232,114.3001638,22.291553,2
2233,114.300581,22.291553,2
2234,114.2955746,22.291954,2
2235,114.2962004,22.280325,2
2236,114.297452,22.281528,2
2237,114.297452,22.278721,2
2238,114.2978692,22.281528,2
2239,114.2978692,22.278721,2
2240,114.2987036,22.281528,2
2241,114.2993294,22.281528,2
2242,114.2998509,22.275513,2
2243,114.2993294,22.273107,2
2244,114.2993294,22.272305,2
2245,114.2993294,22.270701,2
2246,114.3004767,22.279122,2
2247,114.2998509,22.276716,2
2248,114.2998509,22.27832,2
2249,114.3007896,22.279122,2
2250,114.3011025,22.279122,2
2251,114.3014154,22.279122,2
2252,114.3017283,22.279122,2
2253,114.3021455,22.279122,2
2254,114.3031885,22.279122,2
2255,114.3036057,22.281528,2
2256,114.3031885,22.28233,2
2257,114.3027713,22.296766,2
2258,114.3038143,22.279122,2
2259,114.3046487,22.279122,2
2260,114.305796,22.279924,2
2261,114.305796,22.277518,2
2262,114.3063175,22.277518,2
2263,114.3071519,22.279924,2
2264,114.3073605,22.279924,2
2265,114.3073605,22.279924,2
2266,114.3085078,22.279924,2
2267,114.3085078,22.283934,2
2268,114.3085078,22.285538,2
2269,114.3085078,22.284736,2
2270,114.3060046,22.289949,2
2271,114.2808683,22.315212,2
2272,114.2811812,22.315212,2
2273,114.2836844,22.315212,2
2274,114.2846231,22.316816,2
2275,114.2846231,22.316816,2
2276,114.2857704,22.315212,2
2277,114.2878564,22.315212,2
2278,114.2878564,22.319222,2
2279,114.2861876,22.32243,2
2280,114.2846231,22.333257,2
2281,114.2843102,22.333257,2
2282,114.2845188,22.333257,2
2283,114.2846231,22.347292,2
2284,114.2846231,22.347292,2
2285,114.2876478,22.324034,2
2286,114.2879607,22.348896,2
2287,114.2887951,22.341678,2
2288,114.2906725,22.344084,2
2289,114.2906725,22.347292,2
2290,114.2917155,22.336866,2
2291,114.2912983,22.336866,2
2292,114.2912983,22.333257,2
2293,114.2906725,22.337668,2
2294,114.2906725,22.333658,2
2295,114.2893166,22.337668,2
2296,114.2892123,22.336064,2
2297,114.2900467,22.333257,2
2298,114.2906725,22.327643,2
2299,114.2906725,22.316816,2
2300,114.2939058,22.315212,2
2301,114.2947402,22.317217,2
2302,114.2948445,22.317217,2
2303,114.2952617,22.322029,2
2304,114.2946359,22.333257,2
2305,114.2946359,22.333257,2
2306,114.2952617,22.347292,2
2307,114.2959918,22.331252,2
2308,114.296409,22.336866,2
2309,114.296409,22.330049,2
2310,114.296409,22.336866,2
2311,114.2968262,22.336866,2
2312,114.2968262,22.332856,2
2313,114.2968262,22.331653,2
2314,114.2980778,22.330049,2
2315,114.2991208,22.330049,2
2316,114.3001638,22.330049,2
2317,114.3003724,22.338069,2
2318,114.2996423,22.338069,2
2319,114.2990165,22.338069,2
2320,114.2983907,22.338069,2
2321,114.2977649,22.338069,2
2322,114.3008939,22.336866,2
2323,114.3014154,22.333257,2
2324,114.3014154,22.333257,2
2325,114.3008939,22.331252,2
2326,114.3008939,22.330049,2
2327,114.3008939,22.327643,2
2328,114.3008939,22.32243,2
2329,114.2980778,22.330049,2
2330,114.2991208,22.330049,2
2331,114.3001638,22.330049,2
2332,114.2991208,22.323232,2
2333,114.2980778,22.323232,2
2334,114.2980778,22.323232,2
2335,114.2982864,22.321227,2
2336,114.2980778,22.315212,2
2337,114.2990165,22.315212,2
2338,114.2991208,22.323232,2
2339,114.2997466,22.323232,2
2340,114.3003724,22.323232,2
2341,114.2996423,22.315212,2
2342,114.3002681,22.315212,2
2343,114.3012068,22.316816,2
2344,114.3019369,22.316816,2
2345,114.3027713,22.315212,2
2346,114.28285,22.305588,2
2347,114.28285,22.303182,2
2348,114.2831629,22.303182,2
2349,114.2841016,22.308796,2
2350,114.2826414,22.315212,2
2351,114.2834758,22.315212,2
2352,114.2841016,22.308796,2
2353,114.2841016,22.311202,2
2354,114.2841016,22.313608,2
2355,114.285979,22.307192,2
2356,114.285979,22.3104,2
2357,114.285979,22.313608,2
2358,114.285979,22.304786,2
2359,114.285979,22.307994,2
2360,114.285979,22.313207,2
2361,114.288065,22.304786,2
2362,114.288065,22.307994,2
2363,114.288065,22.313207,2
2364,114.288065,22.307192,2
2365,114.288065,22.3104,2
2366,114.288065,22.313608,2
2367,114.2899424,22.307192,2
2368,114.2899424,22.3104,2
2369,114.2899424,22.313608,2
2370,114.2899424,22.304786,2
2371,114.2899424,22.307994,2
2372,114.2899424,22.313608,2
2373,114.2919241,22.304786,2
2374,114.2919241,22.307994,2
2375,114.2919241,22.313608,2
2376,114.2931757,22.315212,2
2377,114.2931757,22.312004,2
2378,114.2938015,22.312004,2
2379,114.2940101,22.315212,2
2380,114.2952617,22.305187,2
2381,114.2952617,22.306791,2
2382,114.2952617,22.308395,2
2383,114.2952617,22.309999,2
2384,114.2958875,22.315212,2
2385,114.2967219,22.315212,2
2386,114.297452,22.315212,2
2387,114.297452,22.309598,2
2388,114.2981821,22.308395,2
2389,114.2975563,22.303182,2
2390,114.2992251,22.299974,2
2391,114.2983907,22.303182,2
2392,114.2985993,22.315212,2
2393,114.2992251,22.303182,2
2394,114.3000595,22.315212,2
2395,114.3000595,22.303182,2
2396,114.3008939,22.307192,2
2397,114.3008939,22.315212,2
2398,114.3025627,22.315212,2
2399,114.3059003,22.303182,2
2400,114.3033971,22.314811,2
2401,114.3045444,22.314811,2
2402,114.3063175,22.311202,2
2403,114.3072562,22.30639,2
2404,114.3069433,22.303182,2
2405,114.3074648,22.303182,2
2406,114.3072562,22.314811,2
2407,114.3084035,22.309197,2
2408,114.3076734,22.314811,2
2409,114.3054831,22.316816,2
2410,114.3054831,22.318019,2
2411,114.2689781,22.28634,2
2412,114.2689781,22.279924,2
2413,114.2685609,22.279924,2
2414,114.270334,22.279924,2
2415,114.2749232,22.279924,2
2416,114.2749232,22.27431,2
2417,114.2749232,22.281528,2
2418,114.2771135,22.281528,2
2419,114.2777393,22.281528,2
2420,114.2766963,22.281528,2
2421,114.2771135,22.298771,2
2422,114.2771135,22.303182,2
2423,114.2787823,22.281528,2
2424,114.2783651,22.281528,2
2425,114.2808683,22.278721,2
2426,114.2810769,22.278721,2
2427,114.2827457,22.278721,2
2428,114.2845188,22.278721,2
2429,114.285979,22.278721,2
2430,114.2878564,22.281528,2
2431,114.2868134,22.281528,2
2432,114.2873349,22.298771,2
2433,114.2873349,22.303182,2
2434,114.2898381,22.278721,2
2435,114.2929671,22.278721,2
2436,114.2947402,22.278721,2
2437,114.2962004,22.278721,2
2438,114.2980778,22.281528,2
2439,114.2998509,22.281528,2
2440,114.2998509,22.279122,2
2441,114.3036057,22.279122,2
2442,114.3036057,22.28233,2
2516,114.3046487,22.279924,2
2443,114.3085078,22.289949,2
2444,114.2841016,22.315212,2
2445,114.2850403,22.315212,2
2446,114.2850403,22.316816,2
2447,114.285979,22.315212,2
2448,114.288065,22.315212,2
2449,114.2899424,22.315212,2
2450,114.2906725,22.336866,2
2451,114.2906725,22.315212,2
2452,114.2919241,22.315212,2
2453,114.2952617,22.315212,2
2454,114.2952617,22.317217,2
2455,114.2952617,22.330049,2
2456,114.2952617,22.333257,2
2457,114.2952617,22.338069,2
2458,114.296409,22.338069,2
2459,114.3008939,22.338069,2
2460,114.3008939,22.333257,2
2461,114.3008939,22.323232,2
2462,114.297452,22.330049,2
2463,114.297452,22.323232,2
2464,114.3008939,22.316816,2
2465,114.3004767,22.315212,2
2466,114.2841016,22.303182,2
2467,114.285979,22.303182,2
2468,114.288065,22.303182,2
2469,114.2899424,22.303182,2
2470,114.2919241,22.303182,2
2471,114.2952617,22.303182,2
2472,114.3004767,22.303182,2
2473,114.3004767,22.308395,2
2474,114.3063175,22.303182,2
2475,114.3093422,22.303182,2
2476,114.3093422,22.314811,2
2477,114.3063175,22.314811,2
2478,114.3054831,22.314811,2
2479,114.3074648,22.289949,2
2480,114.2992251,22.296766,2
2481,114.2955746,22.296766,2
2482,114.2980778,22.296766,2
2483,114.264076,22.332856,2
2484,114.2643889,22.330049,2
2485,114.2643889,22.328044,2
2486,114.2645975,22.328044,2
2487,114.2645975,22.326841,2
2488,114.2656405,22.326841,2
2489,114.2656405,22.324836,2
2490,114.2659534,22.324836,2
2491,114.2663706,22.322831,2
2492,114.2663706,22.320826,2
2493,114.2667878,22.320826,2
2494,114.2667878,22.318821,2
2495,114.2673093,22.318821,2
2496,114.2673093,22.316816,2
2497,114.2679351,22.316816,2
2498,114.2679351,22.315212,2
2499,114.2684566,22.315212,2
2500,114.2689781,22.314009,2
2501,114.2689781,22.309999,2
2502,114.269291,22.309999,2
2503,114.269291,22.309197,2
2504,114.2698125,22.309197,2
2505,114.2698125,22.308796,2
2506,114.2696039,22.307994,2
2507,114.2696039,22.303984,2
2508,114.2693953,22.303984,2
2509,114.2693953,22.301177,2
2510,114.2689781,22.301177,2
2511,114.2754447,22.308796,2
2512,114.2757576,22.309598,2
2513,114.2810769,22.328445,2
2514,114.284936,22.336866,2
2515,114.2759662,22.278721,2
